,Year,Region,MPA_Group,Type,Designation,Acorn.barnacle,Aggregated.nipple.sponge,Basket.star,Bat.star,Bat.star.red.sea.star.complex,Benthic.siphonophore,Blood.star,Boot.sponge,Brown.box.crab,Brown.gorgonian,California.golden.gorgonian,California.hydrocoral,California.market.squid,California.mussel,California.sea.cucumber,California.spiny.lobster,Chesnut.cowrie,Clown.nudibranch,Colonial.cup.coral,Cookie.star,Crested.star,Crowned.sea.urchin,Cushion.star,Dawson.s.sun.star,Decorator.crab,Deep.sea.cucumber,Diamondback.Tritonia,Dirty.marshmallow.sponge,Dungeness.crab,East.Pacfic.red.octopus,Elephant.ear.tunicate,Encrusting.hydrocoral,Feather.star,Fish.eating.star,Fish.eating.anemone,Fish.eating.star.1,Fluted.bryozoan,Fragile.pink.urchin,Freckled.pale.sea.lemon,Frilled.anemone,Giant.keyhole.limpet,Giant.Pacific.octopus,Giant.rock.scallop,Giant.spined.star,Glassy.tunicate,Gorgonian.zoanthid,Gray.puffball.sponge,Gumboot.chiton,Leather.star,Long.legged.sunflower.star,Lophelia.complex,Mantis.shrimp,Mushroom.soft.coral,Noble.sea.lemon,Northern.staghorn.bryozoan,Ochre.star,Orange.gorgonian,Orange.puffball.sponge,Orange.sea.cucumber,Orange.sea.pen,Orange.peel.nudibranch,Painted.anemone,Pelagic.red.crab,Phosphorescent.sea.pen,Pink.Tritonia,Pisaster.complex,Pleurobranchaea.californica,Puget.Sound.king.crab,Purple.gorgonian,Purple.sea.urchin,Purple.red.urchin.complex,Rainbow.star,Red.gorgonian,Red.rock.crab,Red.sea.star,Red.sea.urchin,San.Diego.scallop,Sand.star,Sand.star.spiny.sand.star.complex,Sand.rose.anemone,Sand.rose.anemone.....,Sea.star,Sea.whip,Sheep.crab,Short.red.gorgonian,Short.spined.sea.star,Slipper.sea.cucumber,Solaster.sun.star.complex,Southern.staghorn.bryozoan,Spanish.shawl.nudibranch,Spiny.lithode.crab,Spiny.red.star,Spiny.sand.star,Spiny.thorny.star.complex,Spot.prawn,Stalked.tunicate,Stimpson.s.sun.star,Stubby.rose.anemone,Sunflower.star,Sunflower.star.complex,Swimming.anemone,Swimming.nudibranch,Thorny.sea.star,Trumpet.sponge,UI.anemone,UI.anemone.1,UI.anemone.2,UI.anemone.3,UI.anemone.4,UI.anemone.5,UI.anemone.6,UI.boot.sponge,UI.brachiopoda,UI.branched.bryozoan,UI.branched.sea.cucumber,UI.branched.sponge,UI.brittle.stars.,UI.Cancer.sp.,UI.carpet.worm,UI.crab,UI.feather.star,UI.gorgonian,UI.gray.gorgonian,UI.Henricia,UI.laced.sponge,UI.laced.lobed.bryozoan,UI.lobed.sponge,UI.lobed.sponge.tunicate,UI.nipple.sponge,UI.nudibranch,UI.octopus,UI.prawn,UI.red.Swiftia.gorgonian,UI.salp,UI.sand.dwelling.anemone,UI.scallop,UI.sea.pen,UI.sea.star,UI.squat.lobster,UI.tube.dwelling.anemone,UI.tubeworm,UI.tunicate,UI.vase.sponge,UI.whelk,UI.White.Branching.Sponge,UI.white.lobed.sponge,UI.White.slipped.sea.cucumber,UI.yellow.boot.sponge,UI.yellow.gorgonian,Warty.sea.cucumber,White.branched.sea.cucumber,White.sea.pen,White.sea.pen.....,White.sea.urchin,White.spine.sea.cucumber,White.plumed.anemone,White.spotted.rose.anemone
1,2005,South,Anacapa Island,SMCA,MPA,0,0,0,3224.8,209,0,0,0,0,0,16,0,0,0,33,1,0,0,0,0,0,6,0,0,0,0,0,2,0,0,0,0,0,0,0,0,0,0,0,0,0,0,0,18,0,250,1,0,0,0,0,0,0,0,0,0,0,0,0,0,0,0,0,0,0,4,0,0,4551.6,0,0,1,2818.7,0,485,0,0,3,1,4,0,0,1,0,1,4,0,0,0,0,0,0,0,0,0,0,0,0,1,0,0,0,0,0,0,0,0,0,0,0,0,0,0,0,0,2,0,0,0,1,0,22,0,20,0,0,0,13,16,0,0,0,0,0,0,0,0,16,0,0,0,0,0,2,0,0,0,0,0,2,0,261,0,0,0,0,0
2,2005,South,Anacapa Island,SMR,MPA,0,0,0,491,181,0,0,0,0,0,0,0,0,0,58,1,0,0,0,0,0,37.9,0,0,1,0,0,9,0,0,0,0,0,0,1,0,0,0,0,0,34,0,2,14,0,52,0,0,2,0,0,1,0,0,0,0,103,1,0,0,0,0,0,0,0,3,0,0,2594.3,0,0,0,253,0,525,11,0,4,1,12,0,0,125,0,0,0,0,0,0,0,0,0,0,0,0,0,0,0,1,0,0,0,0,0,2,0,0,0,0,0,0,0,0,0,0,103,0,1,0,0,0,4,0,18,0,0,0,13,6,0,0,0,0,0,0,1,0,11,0,1,0,0,0,8,0,0,0,0,0,33,0,14,0,2376.1,0,0,0
3,2006,South,Anacapa Island,SMCA,MPA,0,0,0,1929,34,0,0,0,0,0,17,0,0,0,98,0,0,0,0,1,0,0,0,0,0,0,0,4,0,0,0,0,0,0,0,0,0,0,0,0,0,0,1,18,0,606.2,0,0,0,0,0,1,0,0,0,0,3,2,0,0,0,0,0,0,0,0,0,0,2051.2,0,0,0,1339.4,0,237,2,0,2,0,2,0,0,0,0,0,0,0,0,0,0,0,0,0,0,0,0,0,0,0,0,0,0,0,0,0,0,0,0,0,0,0,0,0,0,0,1,0,0,0,0,0,5,0,19,0,0,0,1,0,0,0,0,0,0,0,0,0,1,0,0,0,0,0,1,0,0,0,0,0,136,0,236.8,0,5,0,0,0
4,2006,South,Anacapa Island,SMR,MPA,0,0,0,268,81,0,0,0,0,0,0,0,0,0,80,0,0,0,0,0,0,0,0,0,0,0,0,2,0,0,0,0,0,0,0,0,0,0,0,0,18,0,0,8,0,12,0,0,0,0,0,0,0,0,0,0,49,0,0,0,0,0,0,0,0,1,0,0,1552.4,0,0,0,144,0,405,12,0,4,0,6,0,0,124.9,2,0,0,0,0,0,0,0,0,0,0,0,0,0,0,0,0,0,0,0,0,4,0,0,0,0,0,0,4,0,0,0,72,0,0,0,0,0,2,0,6,0,0,0,4,1,0,0,0,0,0,0,0,0,11,0,0,0,0,0,2,0,0,0,0,0,45,0,9,0,942.5,0,0,0
5,2007,South,Anacapa Island,SMCA,MPA,0,0,0,1467.2,3,0,0,0,0,9,11,0,0,0,68,0,0,0,0,0,0,0,0,0,0,0,0,4,0,0,0,0,0,0,0,0,0,0,0,0,1,0,2,16,0,173.9,0,0,3,0,0,0,0,0,0,0,0,2,0,0,0,0,0,0,0,7,0,0,2085.2,0,0,0,1666.3,0,153,0,0,1,0,2,0,0,1,0,0,1,0,0,0,0,0,0,0,0,0,0,0,0,0,0,0,0,0,0,0,0,0,0,0,0,0,0,0,0,0,0,0,0,0,0,0,0,0,4,0,0,9,2,5,0,0,0,0,0,0,0,0,4,0,0,0,0,0,0,0,0,0,0,0,117,0,62,0,0,0,0,0
6,2007,South,Anacapa Island,SMR,MPA,0,0,0,306,0,0,0,0,0,0,1,0,0,0,160,1,0,0,0,1,0,1,0,0,1,0,0,2,0,0,0,0,0,0,2,0,0,0,0,0,15,0,0,11,0,8,0,0,1,0,0,0,0,0,0,0,42,0,0,0,0,0,0,0,0,2,0,0,1312.4,0,0,2,141,0,333,14,0,1,0,6,0,0,75,0,0,0,0,0,0,0,0,0,4,0,0,0,0,0,0,0,0,0,0,0,0,0,0,0,0,0,0,2,0,41,0,25,0,0,0,0,0,0,0,8,0,0,39,2,2,0,0,0,0,0,0,0,0,7,0,0,0,0,1,2,0,0,0,0,0,209,0,1,0,0,0,0,0
7,2008,South,Anacapa Island,SMCA,MPA,0,0,0,1841,12,0,0,0,0,5,39,0,0,0,204,0,0,0,0,0,0,0,0,0,0,0,0,4,0,0,0,0,0,0,0,0,0,0,0,0,6,0,0,13,0,205,0,0,3,0,0,0,0,0,0,0,7,0,0,0,0,0,0,0,0,4,0,0,2438.2,0,3,0,1852.8,0,349,0,0,2,0,0,0,0,0,0,0,5,0,0,0,0,0,0,1,0,0,0,0,0,0,0,0,0,0,0,1,0,0,0,0,0,0,0,0,2,0,5,0,0,0,0,0,10,0,3,0,0,17,7,2,0,0,0,0,0,0,0,0,1,0,0,0,0,0,0,0,0,0,0,0,472,0,2,0,0,0,0,0
8,2008,South,Anacapa Island,SMR,MPA,0,0,0,459,11,0,0,0,0,0,2,0,0,0,242,1,0,0,0,0,0,8,0,0,0,0,0,4,0,0,0,0,0,0,3,0,0,0,0,0,25,0,0,17,0,11,0,0,1,0,0,0,0,0,0,0,24,1,0,0,0,0,0,0,0,1,0,0,1174.6,0,0,1,130,0,343,23,0,3,0,3,0,0,43,1,0,5,0,0,0,0,0,0,1,0,0,0,0,0,0,0,0,0,0,0,1,0,0,0,0,0,0,0,0,30,0,218.5,0,0,0,0,0,17,0,13,0,0,75,7,3,0,0,0,0,0,0,0,0,4,0,0,0,0,1,1,0,0,0,0,0,238,0,0,0,3440.9,0,0,0
9,2009,South,Anacapa Island,SMCA,MPA,0,0,0,1229.6,0,0,0,0,0,0,26,0,0,0,180,0,0,0,0,0,0,0,0,0,0,0,0,3,0,0,0,0,0,0,0,0,0,0,0,0,4,0,0,13,0,167.7,0,0,2,0,0,0,0,0,0,0,0,12,0,0,0,0,0,0,0,6,0,0,1726.5,0,0,0,1813.5,0,36,4,0,4,0,2,0,0,0,0,0,0,0,0,0,0,0,0,0,0,0,0,0,0,1,0,0,0,0,0,1,0,0,0,0,0,0,0,0,0,0,19,0,0,0,0,0,1,0,8,0,35,22,0,8,0,0,0,0,0,0,0,0,0,0,0,0,0,0,0,0,0,0,0,0,36,0,147,0,0,0,0,0
10,2009,South,Anacapa Island,SMR,MPA,0,0,0,470,4,0,0,0,0,0,0,0,0,0,365,2,0,0,0,0,0,4,0,0,1,0,0,8,0,0,0,0,0,0,0,0,0,0,0,0,9,0,0,10,0,22,0,0,1,0,0,0,0,0,0,0,86,30,0,1,0,0,0,0,0,5,0,0,1893.6,0,0,0,182,0,312,33,0,8,0,16,0,0,31,1,0,0,0,0,0,0,0,0,1,0,0,0,0,0,0,0,0,0,0,0,0,0,0,0,0,0,0,0,0,1,0,275,0,0,0,0,0,0,0,16,0,0,27,0,1,0,0,0,0,0,0,0,0,17,0,0,0,0,0,0,0,0,0,0,0,110,0,17,0,118.8,0,0,1
11,2014,South,Anacapa Island,SMCA,MPA,0,0,0,2740,11,0,0,0,0,1,15,0,33,0,65,6,0,0,0,0,0,87,5,0,0,0,0,10,0,0,0,0,0,0,11,0,0,0,0,0,8,0,0,15,0,414.3,1,0,33,0,0,0,0,0,0,0,5,80,0,1,0,0,0,22,0,0,0,0,675,7,0,0,663.9,0,163,38,0,2,0,0,0,0,80,3,0,1,0,0,0,0,0,0,0,0,0,0,0,0,0,0,0,0,0,0,6,0,0,0,0,0,0,0,0,0,0,32,0,15,0,0,0,105,0,6,0,0,0,0,1,0,0,0,0,0,1,0,0,18,0,40,0,0,3,6,0,0,0,0,0,264,0,107,0,6,0,0,2
12,2014,South,Anacapa Island,SMR,MPA,0,0,0,759,26,0,0,0,0,0,0,0,2,0,189,146,0,0,0,0,0,72,0,0,3,1,0,18,0,0,0,0,0,0,2,0,0,0,0,0,1,0,0,12,0,13,2,0,15,0,0,0,0,0,0,0,132,125,0,0,1,0,0,0,0,0,0,0,2046.3,0,0,3,257,0,608,45,0,11,1,13,0,1,776.6,3,0,0,19,0,0,0,0,0,0,0,0,0,0,0,0,0,0,0,0,0,5,0,0,0,0,0,0,40,0,0,0,123,0,4,0,1,1,6,0,22,0,0,0,12,8,0,0,0,0,0,0,0,0,26,0,0,0,0,3,11,0,0,0,0,1,121,0,23,0,87781.2,0,0,0
13,2015,South,Anacapa Island,SMCA,MPA,0,0,0,1324,6,0,0,0,0,0,7,0,0,0,115,0,0,0,0,2,0,1,0,0,0,0,0,6,0,0,0,0,0,0,0,0,0,0,0,0,0,0,7,0,0,264,1,0,6,0,0,0,0,0,0,0,3,71,0,0,0,0,0,0,0,0,0,0,294,0,0,0,497,0,65,55,0,3,0,0,0,0,6,1,0,0,0,0,0,0,0,0,0,0,0,0,0,0,0,0,0,0,0,0,0,0,0,0,0,0,0,0,0,5,0,11,0,0,0,0,0,27,0,15,0,0,0,0,0,0,0,0,0,0,0,0,0,3,0,2,0,0,1,1,0,0,0,0,0,73,0,15,0,561.7,0,0,0
14,2015,South,Anacapa Island,SMR,MPA,0,0,0,470,8,0,0,0,0,0,0,0,0,0,414,59,0,0,0,0,0,57,1,0,0,0,0,11,1,0,0,0,0,0,0,0,0,0,0,0,0,0,1,0,0,41,2,0,1,0,0,0,0,0,0,0,142,366,0,0,0,0,0,1,0,0,0,0,2168.9,2,0,0,299,0,459,270,0,7,0,20,0,0,29,0,0,0,0,0,0,0,0,0,0,0,0,1,0,0,0,0,0,0,0,0,0,0,0,0,0,0,0,16,0,0,0,98,0,1,0,0,0,0,0,28,0,0,0,9,6,0,0,0,0,0,0,0,0,9,0,0,0,0,57,7,0,0,0,0,1,313,0,5,0,11334.3,0,0,1
15,2019,South,Anacapa Island,SMCA,MPA,0,0,0,2240.04,16,0,0,0,0,2,11,0,0,0,16,0,0,0,0,0,0,314,0,0,0,0,0,20,0,0,0,0,0,0,0,0,0,0,0,0,1,0,32.02,1,0,178,1,0,0,0,0,2,0,0,0,0,1,317,0,0,0,0,0,0,0,0,0,0,523.05,0,0,0,256.08,0,140,2,0,8,0,3,0,0,0,0,0,0,11,0,2,3,0,0,41,0,0,0,0,0,0,0,0,0,0,0,0,0,0,0,0,0,0,3,0,1,590.03,98,0,0,0,4,0,0,0,40,0,21,1,1,0,2,0,0,0,0,2,0,0,2,0,1,1,0,0,47,0,0,0,0,0,489,0,33,0,543.92,0,0,1
16,2019,South,Anacapa Island,SMR,MPA,0,0,0,1149.99,5,0,0,0,0,1,4,0,0,0,53,36,0,0,0,0,0,451,0,0,1,0,0,124,0,0,0,0,0,0,0,0,0,0,0,0,0,0,29,2,0,129,0,0,1,0,0,2,0,0,0,0,51,991,0,8,0,0,0,30,0,0,0,0,3687.32,1,0,0,305,0,1,1,0,12,0,115,0,0,461,0,0,0,151,0,0,13,0,0,29,0,0,0,0,0,0,0,0,0,0,0,2,0,0,0,0,0,0,28,0,1286.94,0,717.95,0,0,0,0,0,0,0,129,1,0,102,0,18,1,0,0,0,0,1,1,0,13,0,1,0,0,2,260,0,0,0,0,0,321,0,51,0,1243,0,0,0
17,2015,North Central,Ano Nuevo,Reference,Reference,0,0,0,249,0,0,0,0,0,0,0,0,0,0,215,0,0,0,0,0,0,0,1,0,1,0,0,0,0,0,0,0,0,0,64,0,0,0,0,0,0,0,0,0,0,0,17,0,41,0,0,0,0,0,0,0,0,21,3,0,1,0,0,2,0,0,0,0,0,0,0,0,0,0,4,0,0,0,0,29,0,0,2,0,905.5,1,10,0,0,0,0,0,0,0,0,0,0,0,0,0,0,0,0,0,15,33,1,0,0,0,0,0,0,0,0,1,0,0,0,0,0,0,0,19,0,0,0,48,21,2,0,0,0,0,0,0,0,3,0,0,0,0,0,0,0,0,0,0,0,0,0,477.3,0,0,0,122.2,1
18,2015,North Central,Ano Nuevo,SMCA,MPA,0,0,0,64,0,0,0,0,0,0,0,0,0,0,64,0,0,0,0,0,0,0,3,0,1,0,0,0,0,0,0,0,0,0,20,0,0,0,0,0,0,0,0,0,0,0,0,0,22,0,0,0,0,0,0,0,0,1,2,0,0,0,0,0,0,0,0,0,0,0,0,0,0,0,1,0,0,0,0,21,0,0,0,0,3586.4,0,0,0,0,0,0,0,0,0,0,0,0,0,0,0,0,0,0,0,10,33,0,0,0,0,0,0,0,0,0,0,0,0,0,0,0,0,0,23,0,0,0,109,3,1,0,0,0,0,0,0,0,3,0,0,0,0,0,0,0,0,0,0,0,0,0,116,0,0,0,268.1,0
19,2019,North Central,Ano Nuevo,Reference,Reference,0,0,0,261,0,0,0,0,0,0,0,0,0,0,285,0,0,0,0,0,0,0,1,0,1,0,0,0,0,0,0,0,0,0,60,0,0,0,0,0,0,0,4,0,0,0,1,0,79,0,0,0,0,0,1,0,0,12,28,0,0,0,0,0,0,0,0,0,0,0,0,0,9,1,3,1,0,0,0,39,0,0,1,0,2678.37,0,317,0,0,44,0,0,0,0,0,0,0,0,0,0,0,0,0,0,54,1,0,0,0,0,0,0,0,49.01,4,0,0,1,0,0,0,0,0,127,0,0,413,0,25,1,0,0,0,0,0,0,0,1,0,0,0,5,0,2,0,0,0,0,0,0,80,1269.87,0,0,0,187.01,0
20,2019,North Central,Ano Nuevo,SMCA,MPA,0,0,0,120,0,0,0,0,0,0,0,0,0,0,126,0,0,0,0,0,0,0,3,0,1,0,0,0,0,1,0,0,0,1,55,0,0,0,0,0,0,0,1,0,0,0,1,0,50,0,0,0,0,6,0,0,0,1,14,1,1,0,0,0,0,0,0,0,0,0,0,1,5,1,4,0,0,0,0,58,0,0,0,0,10678.76,2,304,0,0,33,0,0,0,0,0,0,0,0,0,0,0,0,0,0,37,0,5,0,0,0,0,0,0,468.14,193,2,0,0,0,1,0,0,0,123,0,0,472,0,7,1,0,0,0,0,1,0,0,3,0,1,0,0,0,0,0,0,0,0,0,0,33,520,0,0,0,160.96,0
21,2016,Central,Big Creek,Reference,Reference,0,0,0,886,5,0,0,0,0,0,0,27.2,0,0,408,0,0,0,0,43,0,0,3,0,0,0,0,5,0,1,0,0,0,0,293,0,0,0,0,0,0,0,5,5,0,0,17,0,31,0,0,0,0,0,0,0,1,20,0,11,0,0,0,0,0,0,8,0,1,0,0,22,0,1,2105,0,0,24,3,34,0,0,55,0,0,0,83,0,0,0,0,0,0,4,2,0,0,0,0,0,1,0,0,0,3,0,0,0,0,0,0,14,0,2,0,126,0,0,0,0,0,0,0,117,0,0,0,306.8,245,0,0,0,0,0,2,0,0,16,0,2,0,0,0,0,0,0,0,0,0,0,0,33,0,0,0,79.8,1
22,2016,Central,Big Creek,SMR,MPA,0,0,0,266,1,0,0,0,0,0,0,41.6,0,0,7,0,0,0,0,0,0,1,1,0,0,0,0,0,0,0,0,0,0,0,32,0,0,0,0,0,0,0,0,1,0,0,0,0,8,0,0,0,0,0,0,0,0,9,0,6,0,0,0,0,0,0,0,0,0,0,0,1,0,0,9,0,0,21,12,2,0,0,0,0,0,1,0,0,0,0,0,0,0,0,0,0,0,0,0,0,0,0,0,0,1,0,0,0,0,0,0,0,0,74.1,0,1,0,0,0,0,0,0,0,6,0,0,0,13,21,0,0,0,0,0,0,0,0,1,0,0,0,0,0,0,0,0,0,0,0,0,0,1,0,0,0,0,2
23,2011,North Central,Bodega Bay,Reference,Reference,0,0,0,16,0,0,0,0,0,0,0,0,0,0,649,0,0,0,0,0,0,0,0,0,0,0,0,0,0,0,0,0,0,0,255,0,0,0,0,0,0,0,0,2,0,0,0,0,7,0,0,0,0,0,0,0,0,4,1,0,0,0,0,0,0,0,0,0,0,0,0,71,0,0,593,5,0,4,0,44,0,0,0,0,0,66,0,0,0,0,0,0,0,0,0,0,10,0,10,0,0,0,0,0,0,0,0,0,0,0,0,0,0,0,0,0,0,0,0,0,0,0,0,207,0,0,0,0,0,0,0,0,0,0,0,0,0,0,0,0,0,0,0,0,0,0,0,0,0,0,0,23,0,0,0,1011.3,0
24,2011,North Central,Bodega Bay,SMCA,MPA,0,0,0,18,0,0,0,0,0,0,0,0,0,0,494,0,0,0,0,0,0,0,0,0,0,0,0,0,0,0,0,0,0,0,278,0,0,0,0,0,0,0,0,0,0,0,0,0,18,0,0,0,0,0,1,0,0,6,0,1,0,0,0,0,0,0,0,0,0,0,0,37,0,0,489,0,0,22,0,61,0,0,0,0,0,41,0,0,0,0,0,0,0,0,0,0,6,0,3,0,0,0,0,0,0,0,0,0,0,0,0,1,0,0,0,0,0,0,0,0,0,0,0,107,0,0,0,0,2,0,0,0,0,0,0,0,0,0,0,0,0,0,0,0,0,0,0,0,0,0,0,1,0,0,0,1681.7,0
25,2011,North Central,Bodega Bay,SMR,MPA,0,0,0,40,0,0,0,0,0,0,0,0,0,0,307,0,0,0,0,0,0,0,0,0,0,0,0,0,0,0,0,0,0,0,132,0,0,0,0,0,0,0,0,1,0,0,0,0,34,0,0,0,0,0,0,0,0,15,1,0,0,0,0,0,0,0,0,0,0,0,0,31,0,0,102,0,0,24,0,27,0,0,43,0,0,51,0,0,0,0,0,0,0,0,0,0,10,0,10,0,0,0,0,0,0,0,0,0,0,0,0,0,0,0,0,0,0,5,0,0,0,0,0,143,0,0,0,0,1,0,0,0,0,0,0,0,0,0,0,0,0,0,0,0,0,0,0,0,0,0,0,179,0,0,0,536,0
26,2015,North Central,Bodega Bay,Reference,Reference,4,0,0,214,0,0,0,0,0,0,0,120,2,0,2863,0,0,0,0,0,0,0,0,0,64,0,0,0,12,13,0,0,0,1,461,0,0,0,0,1,0,0,1,15,0,0,45,0,41,0,0,0,0,0,0,1,0,89,104,1,0,0,0,0,0,3,0,4,0,0,0,2,0,3,193,405,0,1,3,81,0,0,0,0,0,2,24,0,0,0,0,0,0,0,0,0,0,0,0,0,0,0,0,0,20,18,2,0,0,0,0,0,0,41,0,0,0,4,0,2,0,0,0,340,0,0,0,1,1,8,0,0,0,0,0,0,0,24,0,3,18,0,0,0,0,0,0,0,0,0,0,246.8,0,0,0,1457.4,12
27,2015,North Central,Bodega Bay,SMCA,MPA,0,0,0,45,0,0,0,0,0,0,0,51,0,0,3212,0,0,0,0,1,0,0,4,0,2,0,0,0,0,1,0,0,0,1,419,0,0,1,0,5,0,1,0,1,0,0,13,0,24,0,0,0,0,0,0,0,0,69,21,2,0,0,0,0,0,0,0,2,0,0,0,0,0,3,313,112,0,1,3,108,0,0,0,0,2,1,569,0,0,0,0,2,0,3,0,0,0,0,0,0,0,0,0,0,9,9,2,0,0,0,0,0,0,4000.8,1,0,0,6,0,1,0,0,0,161,0,0,0,0,2,3,0,0,0,0,3,0,0,11,0,2,0,0,0,0,0,0,0,0,0,0,0,28,0,0,0,2630.7,1
28,2015,North Central,Bodega Bay,SMR,MPA,0,0,0,10,0,0,0,0,0,0,0,0,9,0,1468,0,0,0,0,1,0,0,2,0,0,0,0,0,1,0,0,0,0,0,175,0,0,0,0,7,0,0,0,2,0,0,45,0,35,0,0,0,0,0,0,0,0,49,5,2,0,0,0,0,0,0,1,0,0,0,0,0,0,8,25,77,0,6,0,57,0,0,10,1,0,2,20,0,0,0,0,0,0,0,0,0,0,0,0,0,0,0,0,0,24,31,1,0,0,0,0,0,0,126.7,0,0,0,8,0,0,0,0,0,157,0,0,0,0,6,1,0,0,0,0,1,0,0,11,0,24,1,0,0,0,0,0,0,0,0,0,0,183,0,0,0,325,0
29,2019,North Central,Bodega Bay,Reference,Reference,66.98,0,0,2347.2,3,0,0,0,1,0,0,518.01,0,0,8486.62,0,0,0,0,8,0,0,26,0,12,0,0,0,8,0,0,0,0,60,1325.02,0,0,0,0,0,0,2,31,66,0,0,1,0,191,0,0,0,0,0,1696.94,19,0,88,55,0,0,0,0,0,0,0,2,1,0,173.06,0,6,0,6,207,3445.21,0,1,0,251.99,0,0,12,1,2,11,7589.15,0,0,111,1,0,0,0,0,0,0,1,0,0,0,0,5,0,132,0,0,0,0,0,0,0,0,1281.13,32,0,0,9,0,1,0,0,0,1236,0,0,545.02,0,0,5,0,0,0,0,8,2,2,19,0,22,1,199.01,0,1,0,0,0,0,0,0,179,519.99,0,0,0,1975.08,162
30,2019,North Central,Bodega Bay,SMCA,MPA,10,0,0,77,0,0,0,0,0,0,0,595.99,0,0,3361.95,0,0,0,0,3,0,0,3,0,0,0,0,0,0,1,0,0,0,48,579,0,0,1,0,0,0,0,22,2,0,1,1,0,68,0,0,0,0,3,89,0,0,25,24,0,2,0,0,0,0,0,0,0,0,2,0,1,0,0,94,399,0,4,0,212,0,0,0,0,0,0,5440.99,0,0,96,0,0,0,0,0,0,0,3,0,0,0,0,3,0,49,0,0,0,0,0,0,0,0,279,46,3,0,2,0,0,0,0,0,455,0,0,29,0,0,6,0,1,0,0,0,0,0,11,0,15,0,77,0,3,0,0,0,0,0,0,5707.17,2,0,0,0,1525.01,0
31,2019,North Central,Bodega Bay,SMR,MPA,0,0,0,234,1,0,0,0,0,0,0,8,1,0,770,0,0,0,0,6,0,0,5,0,6,0,0,0,5,0,0,0,0,14,291,0,0,0,0,2,0,0,7,0,0,0,3,0,63,0,0,0,0,6,208.99,0,0,19,13,0,0,0,0,0,1,0,1,0,0,0,0,1,0,24,11,32,0,2,0,143,0,0,243.98,0,0,1,1546,0,0,219,0,0,0,0,0,0,0,3,0,0,0,0,3,0,262,0,0,0,0,0,0,0,0,323,285,14,0,3,0,6,0,0,0,629,0,0,556.02,0,1,8,0,0,0,0,2,1,1,7,0,66,1,0,0,1,0,0,0,0,0,0,265,2143.25,0,1,0,447.01,0
32,2014,South,Campus Point,Reference,Reference,0,0,0,0,0,0,0,0,0,0,0,0,0,0,78,0,0,0,0,0,0,0,0,0,0,0,0,2,0,8,0,0,0,0,0,0,0,0,0,0,0,0,0,0,0,0,0,0,0,0,0,0,0,0,0,0,0,0,0,6,0,0,0,9,0,0,0,0,9,0,0,0,3,0,0,0,0,38,0,0,0,0,211,0,0,0,0,0,0,0,0,0,0,0,0,0,0,0,0,0,0,0,0,0,1,0,0,0,0,0,0,0,0,0,0,0,0,7,0,0,0,0,0,0,0,0,0,0,47,4,7,0,0,0,0,0,0,0,0,1,0,0,0,0,0,0,0,0,0,0,0,33,0,6,0,31,0
33,2014,South,Campus Point,SMCA,MPA,0,0,0,10,0,0,0,0,0,0,0,0,0,0,1042,2,0,0,0,0,0,0,1,0,0,0,0,0,0,10,0,0,0,0,0,0,0,0,0,0,0,0,0,0,0,2,1,0,0,0,0,0,0,0,0,0,8,0,0,7,0,0,0,34,0,0,0,0,47,0,0,0,27,0,1,0,0,33,0,0,0,0,1210,0,0,0,0,0,0,0,0,0,0,0,0,0,0,0,0,0,0,0,0,0,0,0,0,0,0,0,0,0,0,0,0,4,0,17,0,0,6,3,0,7,0,0,0,4,124,0,8,0,0,0,0,0,0,1,0,0,0,0,1,1,0,0,0,0,0,1,0,44,0,0,0,32,0
34,2019,South,Campus Point,Reference,Reference,0,0,0,0,0,0,0,0,0,0,0,0,0,0,216.99,0,0,0,0,0,0,0,0,0,0,0,0,0,0,5,0,0,0,0,0,0,0,3,0,0,0,0,0,0,0,0,0,0,0,0,0,0,0,0,0,0,0,0,0,2,0,0,0,10,0,0,5,0,16,0,0,0,12,0,0,0,0,58,0,0,0,0,269,0,0,0,0,0,0,2,0,0,7,0,0,0,0,0,0,0,0,0,0,0,2,0,0,0,0,0,0,0,0,0,0,10,0,4,0,0,0,0,0,1,0,0,1,0,26,0,0,4,3,0,0,0,19,1,0,0,0,0,0,10,0,0,0,0,0,0,1,182,0,175,0,68,0
35,2019,South,Campus Point,SMCA,MPA,0,0,0,8,1,0,0,0,0,0,0,0,0,0,1883,0,0,0,0,1,0,0,0,0,0,0,0,10,0,1,0,0,0,0,0,0,0,0,0,0,0,0,1,0,0,3,1,0,1,0,0,0,0,4,0,0,119.02,21,0,4,0,0,0,69,1,0,12,0,493.96,0,0,4,195,0,0,0,0,63,0,3,0,0,683,0,0,0,80,0,0,2,0,0,5,0,0,0,0,0,0,0,0,0,0,0,1,0,0,0,0,0,0,0,0,92,179,1220.41,0,3,0,0,0,3,0,28,0,3,321,0,309,8,2,3,8,0,0,0,21,6,0,0,1,0,0,19,0,0,0,0,0,0,859.02,513,0,117.99,0,1,0
36,2005,South,Carrington Point,Reference,Reference,0,0,0,3021,3,0,0,0,0,0,0,0,0,0,115,0,0,0,0,0,0,0,0,0,0,0,0,30,0,0,0,0,0,0,2,0,0,0,0,0,0,0,0,34,0,0,11,0,46,0,0,0,0,0,0,0,0,40,0,0,0,0,0,0,0,5,0,0,0,0,0,0,11,0,42,0,0,1,0,31,0,0,4,0,0,0,0,0,0,0,0,0,0,0,0,0,0,0,289,0,0,0,0,0,0,0,0,0,0,0,0,0,0,384.2,0,34,0,0,0,0,0,0,0,3,0,0,0,7,4,0,0,0,0,0,0,0,0,7,0,9,0,0,0,0,0,0,0,0,0,5,0,0,0,0,0,0,0
37,2005,South,Carrington Point,SMR,MPA,0,0,0,2413,76,0,0,0,0,0,0,0,0,0,52,0,0,0,0,0,0,0,0,0,0,0,0,18,0,0,0,0,0,1,2,0,0,0,0,0,0,0,0,39,0,0,18,0,9,0,0,0,0,0,0,0,0,32,0,0,0,0,0,0,0,0,0,0,0,0,0,3,19,0,78,0,0,0,0,100,0,0,0,0,0,0,1,0,0,0,0,0,0,0,0,0,0,0,518,0,0,0,0,0,29,0,0,0,0,0,0,0,0,2014.7,0,1,0,0,0,1,0,1,0,8,0,0,0,42,2,0,0,0,0,0,0,0,0,10,0,0,0,0,0,0,0,0,0,0,0,0,0,0,0,0,0,0,1
38,2006,South,Carrington Point,Reference,Reference,0,0,0,3779.1,43,0,0,0,0,0,0,0,0,0,96,0,0,0,0,0,0,0,0,0,0,0,0,41,0,0,0,0,0,0,0,0,0,0,0,0,0,0,0,93,0,0,2,0,85,0,0,0,0,0,0,0,0,2,0,0,0,0,0,0,0,34,0,0,7,0,0,1,10,0,49,0,0,2,0,117,0,0,0,0,0,9,1,0,0,0,0,0,0,0,0,0,0,0,523,0,0,0,0,0,0,0,0,0,0,0,0,0,0,1183.1,0,4,0,0,0,0,0,0,0,1,0,431,0,36,8,0,0,0,0,0,0,0,0,21,0,0,0,0,0,0,0,0,0,0,0,2,0,0,0,0,0,0,0
39,2006,South,Carrington Point,SMR,MPA,0,0,0,1902,7,0,0,0,0,0,0,0,0,0,150,0,0,0,0,0,0,0,0,0,0,0,0,147,0,0,0,0,0,0,1,0,0,0,0,0,2,0,0,43,0,0,52,0,6,0,0,0,0,0,0,0,0,74,0,0,0,0,0,0,0,9,0,0,1,0,0,0,38,0,40,0,0,0,0,80,0,0,0,1,0,0,0,0,0,0,0,0,0,0,0,0,0,0,438,0,0,0,0,0,0,0,0,0,0,0,0,0,0,1125.5,0,1,0,0,0,0,0,0,0,6,0,7,0,52,21,0,0,0,0,0,0,0,0,13,0,0,0,0,0,1,0,0,0,0,0,1,0,0,0,0,0,0,0
40,2007,South,Carrington Point,Reference,Reference,0,0,0,3487.9,2,0,0,0,0,0,0,0,1,0,118,0,0,0,0,0,0,0,0,0,0,0,0,13,0,0,0,0,0,0,0,0,0,0,0,0,0,0,0,28,0,0,1,0,59,0,0,0,0,0,0,0,0,113,0,0,0,0,0,0,0,5,0,0,0,0,0,1,6,0,49,0,0,0,0,39,0,0,1,0,0,23,0,0,0,0,0,0,0,0,0,0,0,0,218,1,0,0,0,0,0,0,0,0,0,0,0,0,0,1007.5,0,5,0,0,0,0,0,0,0,3,0,923.2,3,69,6,0,0,0,0,0,0,0,0,8,0,0,0,0,0,0,0,0,0,0,0,0,0,0,0,0,0,0,0
41,2007,South,Carrington Point,SMR,MPA,0,0,0,1518,17,0,0,0,0,0,0,0,0,0,76,0,0,0,0,0,0,0,0,0,0,0,0,69,0,0,0,0,0,0,2,0,0,0,0,0,0,0,0,45,0,0,20,0,7,0,0,0,0,0,0,0,0,147,0,0,0,0,0,0,0,7,0,0,0,0,0,1,21,0,74,0,0,1,0,46,0,0,0,0,0,0,0,0,0,0,0,0,0,0,0,0,0,0,205,0,0,0,0,0,0,0,0,0,0,0,0,0,0,886.6,0,11,0,0,0,0,0,0,0,0,0,174,2,120,4,0,0,0,0,0,1,0,0,4,0,0,0,0,0,0,0,0,0,0,0,0,0,0,0,0,0,0,0
42,2008,South,Carrington Point,Reference,Reference,0,0,0,1971.2,13,0,0,0,0,0,0,0,0,0,147,0,0,0,0,1,0,0,0,0,0,0,0,24,0,0,0,0,0,0,0,0,0,0,0,0,0,0,0,43,0,0,8,0,65,0,0,0,0,0,0,0,0,222,0,0,0,0,0,0,0,12,0,0,4,0,0,0,7,0,83,4,0,1,0,75,0,0,0,0,0,42,0,0,0,0,0,0,0,0,0,0,0,0,322,0,0,0,0,0,0,0,0,0,0,0,0,0,0,982.1,0,14,0,0,0,0,0,0,0,4,0,3687.1,48,1,6,0,0,0,0,0,0,0,0,6,0,0,0,0,0,0,0,0,0,0,0,2,0,0,0,0,0,0,0
43,2008,South,Carrington Point,SMR,MPA,0,0,0,2495,24,0,0,0,0,0,0,0,0,0,347,1,0,0,0,0,0,0,0,0,0,0,0,96,0,0,0,0,0,1,1,0,0,0,0,0,0,0,0,62,0,0,23,0,2,0,0,0,0,0,0,0,1,204,0,0,0,0,0,0,0,5,0,0,7,0,5,1,26,0,252,0,0,6,0,65,0,0,0,0,0,3,1,0,0,0,0,0,0,0,0,0,0,0,394,0,0,0,0,0,2,0,0,0,0,0,0,0,0,1446.6,0,39,0,0,0,0,0,1,0,9,0,4919,87,19,14,0,0,0,0,0,0,0,0,12,0,1,0,0,0,0,0,0,0,0,0,0,0,0,0,0,0,5,3
44,2009,South,Carrington Point,Reference,Reference,0,0,0,2064.7,9,0,0,0,0,0,0,0,0,0,145,0,0,0,0,0,0,0,0,0,0,0,0,15,0,0,0,0,0,0,1,0,0,0,0,0,0,0,0,34,0,0,34,0,52,0,0,0,0,0,0,0,0,79,0,0,0,0,0,0,0,0,0,0,0,0,0,0,19,0,103,0,0,2,0,29,0,0,0,0,0,5,0,0,0,0,0,0,0,0,0,0,0,0,191,0,0,0,0,0,0,0,0,0,0,0,0,0,0,1077.5,0,7,0,0,0,0,0,0,0,7,0,1366.7,41,6,39,0,0,0,0,0,0,0,0,4,0,0,0,1,0,1,0,0,0,0,0,0,0,0,0,0,0,0,0
45,2009,South,Carrington Point,SMR,MPA,0,0,0,2056,12,0,0,0,0,0,0,0,0,0,238,0,0,0,0,0,0,0,0,0,0,0,0,84,0,0,1,0,0,1,2,0,0,0,0,0,0,0,0,50,0,0,155,0,4,0,0,0,0,0,0,0,0,102,0,0,0,0,0,0,0,1,0,0,0,0,0,4,37,0,124,0,0,4,0,108,0,0,0,0,0,0,0,0,0,0,0,0,0,0,0,0,0,0,226,0,0,0,0,0,0,0,0,0,0,0,0,0,0,3745.9,0,130,0,1,0,0,0,0,0,9,0,5737.8,191,42,108,0,0,0,0,0,0,0,0,13,0,0,0,0,0,1,0,0,0,0,0,0,0,1,0,0,0,0,1
46,2014,South,Carrington Point,Reference,Reference,0,0,0,3674,4,0,0,0,0,0,0,0,0,0,259,0,0,0,0,0,0,0,0,0,1,0,0,31,0,4,0,0,0,0,1,0,0,0,0,0,0,0,0,5,0,0,19,0,107,0,0,0,0,0,0,0,0,539,0,0,0,0,0,0,0,0,0,0,14,7,10,0,28,1,16,193,0,0,0,67,0,0,16,0,0,0,1,0,0,0,0,0,0,0,0,0,0,0,0,0,0,0,0,0,1,0,0,0,0,0,0,0,0,419.4,0,2,0,5,0,0,0,0,0,15,0,0,0,3,23,0,0,0,0,0,0,0,0,12,0,15,0,0,0,1,0,0,0,0,0,2,0,2,0,0,0,0,0
47,2014,South,Carrington Point,SMR,MPA,0,0,0,4309,1,0,0,0,0,0,0,0,0,0,104,0,0,0,0,0,0,0,0,0,0,0,0,35,0,0,0,0,0,0,3,0,0,0,0,0,0,0,0,5,0,0,67,0,3,0,0,0,0,0,0,0,0,218,0,0,0,0,0,0,0,0,0,0,0,0,0,0,44,0,6,543.6,0,0,0,98,0,0,0,0,0,0,0,0,0,0,0,0,0,0,0,1,0,0,0,0,0,0,0,0,12,0,0,0,0,0,0,0,0,1037.2,0,2,0,4,0,0,0,3,0,9,0,0,0,1,71,1,0,0,0,0,0,0,0,2,0,1,0,0,0,1,0,0,0,0,0,2,0,0,0,0,0,0,71
48,2015,South,Carrington Point,Reference,Reference,0,0,0,2791,16,0,0,0,0,0,0,0,0,0,302,0,0,0,0,0,0,0,0,0,0,0,0,22,0,0,0,0,0,0,18,0,0,0,0,0,1,0,1,1,0,0,23,0,122,0,0,0,0,0,0,0,0,287,0,0,0,0,0,0,0,2,0,0,1,293,0,0,20,0,68,3198.3,0,0,0,87,0,0,2,1,0,0,0,0,0,0,0,0,0,0,0,0,0,0,0,0,0,0,0,0,0,0,0,0,0,0,0,0,0,0,0,5,0,1,0,0,0,0,0,11,0,0,0,1,15,0,0,0,0,0,1,0,0,7,0,92,0,0,0,1,0,0,0,0,0,1,0,2,0,39,0,0,11
49,2015,South,Carrington Point,SMR,MPA,0,0,0,2009,8,0,0,0,0,0,0,13,0,0,120,1,0,0,0,0,0,0,0,0,1,0,0,4,0,0,0,0,0,0,6,0,0,0,0,0,0,0,0,3,0,0,15,0,8,0,0,0,0,0,0,0,0,102,0,0,0,0,0,0,0,0,0,0,0,26,0,0,17,0,28,3267,0,1,0,113,0,0,0,0,0,0,0,0,0,0,0,0,0,0,0,0,0,0,0,0,0,0,0,0,1,0,0,0,0,0,0,0,0,33,0,7,0,1,0,0,0,0,0,11,0,0,0,5,17,0,0,0,0,0,0,0,0,11,0,2,0,0,0,0,0,0,0,0,0,0,0,4,0,0,0,0,38
50,2011,North Central,Farallon Islands,Reference,Reference,0,0,0,565,0,0,0,0,0,0,0,13,0,0,619,0,0,0,0,0,0,0,0,0,0,0,0,0,0,0,0,0,0,0,0,0,0,0,0,0,0,0,0,0,0,0,3,0,0,0,0,0,0,0,0,0,0,14,0,0,0,0,0,0,0,0,0,0,0,0,0,16,203,0,437,5,0,9,0,18,0,0,0,0,0,23,0,0,0,0,0,0,0,0,0,0,2,0,8,0,0,0,0,0,0,0,0,0,0,0,0,18,0,0,0,0,0,1,0,0,0,0,0,42,0,0,0,0,33,0,0,0,0,0,0,0,0,0,0,0,0,0,0,0,0,0,0,0,0,0,0,0,0,0,0,480.8,0
51,2011,North Central,Farallon Islands,SMR/SMCA,MPA,0,0,0,0,0,0,0,0,0,0,0,0,0,0,1369,0,0,0,0,0,0,0,0,0,0,0,0,0,0,0,0,0,0,0,381,0,0,0,0,0,0,0,0,1,0,0,3,0,8,0,0,0,0,0,213,0,0,149,0,5,0,0,0,0,0,0,0,0,0,7,0,25,160,0,320,39,0,43,0,73,0,0,0,0,0,15,0,0,1,0,0,0,0,0,0,0,3,0,7,0,0,0,0,0,0,0,0,0,0,0,0,0,0,0,0,0,0,59,0,0,0,0,0,61,0,0,0,0,2,0,0,0,0,0,0,0,0,0,0,0,0,0,0,0,0,0,0,0,0,0,0,0,0,0,0,256,0
52,2015,North Central,Farallon Islands,Reference,Reference,0,0,0,370,3,0,0,0,0,0,0,2241.7,0,0,1972,0,0,0,0,109,0,0,13,0,5,0,0,0,0,0,0,0,0,5,473,0,0,0,0,0,0,1,1,13,0,0,42,0,58,0,0,0,0,0,0,1,0,63,3,1,0,2,0,0,0,0,0,0,0,4051,0,4,0,1,502,779,0,1,0,10,0,0,3,0,316,0,17,0,0,0,0,0,0,5,0,0,0,0,0,0,3,0,15,0,4,0,0,0,0,0,0,23,0,997.6,0,4,0,1,0,2,0,0,0,127.2,0,0,0,794.5,41,2,0,0,0,0,0,0,0,16,0,0,1,0,15,0,0,0,0,0,0,0,1,49,0,0,0,544.2,460.3
53,2015,North Central,Farallon Islands,SMCA,MPA,0,0,1,15,0,0,0,0,33,0,0,0,0,0,362,0,0,0,0,7,0,0,1,0,0,0,0,0,0,0,0,0,0,1,4,0,0,0,0,1,0,1,0,0,0,0,0,0,1,0,0,0,0,0,0,0,0,0,0,0,0,0,0,1,0,0,3,0,0,0,0,0,0,0,89,0,0,5,0,1,0,0,2,0,7,0,0,0,0,0,0,0,0,2,0,0,0,0,0,0,0,0,0,0,0,3,0,0,0,0,0,0,0,0,0,0,0,0,0,0,0,0,0,19,0,0,0,0,1,0,0,0,0,0,0,0,0,6,0,1,2,0,0,0,0,0,0,0,0,0,0,17,0,0,3,1769.9,0
54,2015,North Central,Farallon Islands,SMR/SMCA,MPA,29,0,0,795,26,0,0,0,0,0,0,38,0,0,1311,0,0,0,0,1,0,0,1,0,0,0,0,0,0,0,0,0,0,0,309,0,0,0,0,0,0,1,1,0,0,0,10,0,41,0,0,0,0,0,0,0,0,78,3,0,0,0,0,0,0,1,0,1,0,2066.6,0,1,0,0,87,3481.2,0,2,0,32,0,0,0,0,241.2,0,0,0,0,0,0,0,0,0,0,0,0,0,0,0,0,0,1,0,1,0,0,0,0,0,0,0,0,138.1,0,22,0,0,1,2,0,0,0,36,0,0,0,91,5,5,0,0,0,0,1,2,0,14,0,0,1,0,1,0,0,0,0,0,0,0,0,0,0,0,0,200.2,759.7
55,2019,North Central,Farallon Islands,Reference,Reference,94,0,1,546.99,0,0,0,0,0,0,0,8342.79,0,42,5994.01,0,0,0,0,1775.97,0,0,5,0,2,0,0,0,0,0,0,0,0,15,623,0,0,0,0,0,0,0,42,9,0,0,14,0,87,0,0,0,0,5,26,0,0,70,10,0,1,0,0,0,0,0,0,3,0,1811.03,0,73,2,0,1001,1224.76,0,13,0,36,0,0,0,1,2003.55,0,446.02,0,0,69,0,0,1,0,0,0,0,0,0,0,0,0,7,0,1,0,0,0,0,0,0,48,0,398.02,6,88,0,0,0,0,0,0,0,239,0,0,5342.14,0,114,4,0,1,0,0,2,0,2,11,0,0,4,0,0,0,0,0,0,0,0,0,2,1,0,0,0,383.97,893.97
56,2019,North Central,Farallon Islands,SMCA,MPA,0,0,4,7,0,0,0,0,0,0,0,0,0,0,1583.94,0,0,0,0,307,0,0,1,0,0,0,0,0,0,0,0,0,0,14,11,0,0,1,0,0,0,0,1,0,0,0,0,0,2,0,0,0,0,0,0,0,0,15,0,2,0,0,0,0,0,0,0,0,0,0,0,4,0,0,271,0,0,26,0,3,0,0,0,0,273,0,1,0,0,3,0,0,4,0,0,0,0,0,0,0,1,0,1,0,4,0,0,0,0,0,0,0,0,212.01,3,217,0,0,0,0,0,0,0,69,0,0,93,0,0,1,0,0,0,0,1,2,1,4,0,3,10,0,0,2,0,0,0,0,0,0,1,33,0,3187.26,0,326.99,0
57,2019,North Central,Farallon Islands,SMR/SMCA,MPA,0,0,0,651,0,0,0,0,0,0,0,965.96,0,0,2959,0,0,0,0,10,0,0,0,0,1,0,0,0,0,0,0,0,0,3,423,0,0,0,0,0,0,0,18,2,0,0,6,0,54,0,0,0,0,5,1148.65,0,0,43,29,12,0,0,0,0,0,0,0,0,0,110,0,29,0,0,108,1253.94,0,12,0,22,0,0,0,0,135,0,230,0,0,25,0,0,0,1,0,0,0,0,0,0,0,0,1,0,6,0,0,0,0,0,0,0,0,5481.66,16,212,0,0,0,0,0,0,0,172,0,0,343,0,56,1,0,1,0,0,2,4,1,8,0,2,6,2,0,1,0,0,0,0,0,0,96,0,0,0,0,120.99,405.13
58,2014,South,Farnsworth,Reference,Reference,0,0,0,115,0,0,0,0,0,48,29,0,0,0,90,0,0,0,0,0,0,0,0,0,0,0,3,0,0,1,0,0,0,0,0,0,0,0,0,1,0,1,0,0,0,207,0,0,0,0,0,0,0,0,0,0,4709.8,2,0,24,0,0,0,140,0,0,0,0,1147,0,0,40,149,0,122,0,0,10,0,1,0,0,321,0,0,1,0,0,0,0,0,0,2,0,0,0,0,0,0,0,0,0,0,0,0,0,0,0,0,0,0,31,1906.3,0,0,5,0,1,0,0,18,57,1,42,0,0,0,3,0,0,0,0,0,0,0,0,0,6,0,0,8,0,71,4,0,0,0,0,1,3,0,158,0,35040,0,0,0
59,2014,South,Farnsworth,SMCA,MPA,0,0,0,341.8,0,1,0,0,0,2,0,5,0,0,732,0,0,0,0,0,0,10,0,0,0,0,1,0,0,0,0,0,0,0,0,0,0,0,0,0,0,0,0,3,0,47,0,0,0,0,0,0,0,0,0,0,1981,0,0,12,0,0,0,91,0,0,0,0,410,0,0,2,97,0,142,0,0,1,0,0,0,0,475,0,0,0,2,0,1,0,0,0,1,0,0,0,0,0,0,0,0,0,0,0,0,0,0,0,0,0,0,9,0,0,0,0,0,1,0,0,2,19,1,27,0,0,0,1,0,0,2,0,3,0,0,0,0,14,0,0,1,0,1,1,0,0,0,0,17,27,0,143,0,17073,0,0,0
60,2005,South,Gull Island,Reference,Reference,0,0,0,2402.2,86,0,0,0,0,0,0,0,0,0,23,1,0,0,0,0,0,0,0,0,0,0,0,0,0,0,0,0,0,0,4,0,0,0,0,0,0,0,1,71,0,0,1,0,19,0,0,0,0,0,0,0,0,36,0,0,0,0,0,0,0,28,0,0,26,3,0,2,93,1,28,647.1,0,11,0,316,0,0,773.7,0,0,1,0,0,0,0,0,0,0,0,0,0,0,0,85,0,0,0,0,0,13,0,0,0,0,0,0,0,0,223.2,0,0,0,0,0,1,0,2,0,6,0,0,0,4,9,0,0,0,0,0,12,0,0,35,0,0,0,0,0,1,0,0,0,0,0,7,0,33,0,0,0,0,0
61,2005,South,Gull Island,SMR,MPA,0,0,0,1718,144,0,0,0,0,0,0,0,0,0,84,0,0,0,0,3,0,0,0,0,1,0,0,104,0,0,1,0,0,1,0,0,0,0,0,0,0,0,1,10,0,1,5,0,5,0,0,2,0,0,0,0,4,1,0,0,0,0,0,0,0,1,0,0,190,0,13,0,311,0,1280,0,0,11,0,5,0,0,3351,0,0,0,0,0,0,0,0,0,0,0,0,0,0,0,53,1,0,0,0,0,0,0,0,0,0,0,0,17,0,21,0,407.7,0,3,0,0,0,1,0,127,0,0,0,27,0,1,0,0,0,0,0,0,0,13,0,0,0,0,0,2,0,0,0,0,0,0,0,4352,0,42,0,0,0
62,2006,South,Gull Island,Reference,Reference,0,0,0,3130.4,55,0,0,0,0,0,0,0,0,0,128,0,0,0,0,0,0,0,0,0,0,0,0,1,0,0,0,0,0,1,3,0,0,0,0,0,1,0,1,111,0,0,2,0,35,0,0,0,0,0,0,0,1,37,0,1,0,0,0,0,0,59,0,0,5,0,0,3,158,0,34,642.6,0,146,0,454,0,0,1162.4,2,0,8,0,0,0,0,0,0,0,0,0,0,0,0,116,0,0,0,0,0,4,0,0,0,0,0,0,0,0,152.8,0,0,0,0,0,0,0,2,0,6,0,15,0,15,29,0,0,0,0,0,2,0,0,31,0,39.6,0,0,0,1,0,0,0,0,0,84,0,277.4,0,0,0,0,0
63,2006,South,Gull Island,SMR,MPA,0,0,0,1616,83,0,0,0,0,0,0,0,0,0,158,0,0,0,0,0,0,0,0,0,0,0,0,94,0,0,0,0,0,1,1,0,0,0,0,0,0,0,0,10,0,0,0,0,9,0,0,0,0,0,0,0,5,0,0,2,0,0,0,0,0,0,0,0,82,0,0,0,316,0,213,0,0,5,0,9,0,0,905.2,2,0,1,0,0,0,0,0,0,0,0,0,0,0,0,35,0,0,0,0,0,0,0,0,0,0,0,0,27.8,0,9,0,515.9,0,0,0,0,0,1,0,89,0,0,0,125.8,12,0,0,0,0,0,0,0,0,8,0,0,0,0,0,0,0,0,0,0,0,0,0,2855.3,0,134.9,0,0,0
64,2007,South,Gull Island,Reference,Reference,0,0,0,1901.8,8,0,0,0,0,0,0,0,0,0,123,0,0,0,0,0,0,0,0,0,0,0,0,4,0,0,0,0,0,0,2,0,0,0,0,0,0,0,0,45,0,0,0,0,21,0,0,0,0,0,0,0,0,166,0,1,0,0,0,0,0,15,0,0,13,0,0,2,88,0,199,309.8,0,120.6,0,537.1,0,0,588.7,0,0,4,0,0,0,0,0,0,0,0,0,0,0,0,109,0,0,0,0,0,1,0,0,0,0,0,0,0,0,173,0,0,0,0,0,0,0,0,0,7,0,5,8,3,16,0,0,0,0,0,0,0,0,9,0,1,0,0,0,0,0,0,0,0,0,6,0,1353.8,0,0,0,1,0
65,2007,South,Gull Island,SMR,MPA,0,0,0,992.2,27,0,0,0,0,0,0,0,0,0,149,0,0,0,0,0,0,0,0,0,0,0,0,76,0,0,0,0,0,0,0,0,0,0,0,0,0,0,0,9,0,2,0,0,6,0,0,0,0,0,0,0,11,0,0,1,0,0,0,7,0,3,0,0,102,0,0,1,295,0,550,0,0,6,0,4,0,0,1408,0,0,1,0,0,0,0,0,0,0,0,0,0,0,0,52,0,0,0,0,0,1,0,0,0,0,0,0,26,0,30,0,552.5,0,1,0,0,0,5,0,23,0,0,313.4,19,11,0,0,0,0,0,0,0,0,5,0,0,0,0,0,0,0,0,0,0,0,7,0,3205.2,0,427.9,0,0,0
66,2008,South,Gull Island,Reference,Reference,0,0,0,1565.3,0,0,0,0,0,0,0,0,0,0,73,0,0,0,0,0,0,0,0,0,0,0,0,2,0,0,0,0,0,0,3,0,0,0,0,0,0,0,0,30,0,0,3,0,12,0,0,0,0,0,0,0,0,44,0,6,0,0,0,1,0,52,0,0,12,0,0,0,133,0,18,599.5,0,297.7,3,458.1,0,0,230.5,0,0,2,0,0,0,0,0,0,0,0,0,2,0,0,208,0,0,0,0,0,0,0,0,0,0,0,0,0,0,515.3,0,0,0,0,0,0,0,0,0,4,0,35,25,3,8,0,0,0,0,0,1,0,0,8,0,0,0,0,0,0,0,0,0,0,0,3,0,201.4,0,0,0,0,0
67,2008,South,Gull Island,SMR,MPA,0,0,0,940,12,0,0,0,0,0,0,0,0,0,167,0,0,0,0,0,0,0,1,0,0,0,0,54,0,0,0,0,0,0,0,0,0,0,0,0,0,0,0,2,0,0,3,0,2,0,0,0,0,0,0,0,7,1,0,0,0,0,0,0,0,1,0,0,100,0,0,0,326,0,472,0,0,2,0,13,0,0,2373.3,0,0,1,0,0,0,0,0,0,0,0,0,0,0,0,13,0,0,0,0,0,0,0,0,0,0,0,0,30,0,336.6,0,665,0,0,0,0,0,2,0,23,0,2,265,52,20,0,0,0,0,0,0,0,0,6,0,1,0,0,0,0,0,0,0,0,0,0,0,2936.1,0,135,0,1,0
68,2009,South,Gull Island,Reference,Reference,0,0,0,2198,0,0,0,0,0,0,0,0,0,0,91,0,0,0,0,0,0,112,0,0,0,0,0,4,0,0,0,0,0,0,1,0,0,0,0,0,0,0,1,15,0,0,18,0,12,0,0,0,0,0,0,0,0,220,0,6,0,0,0,0,0,15,0,0,1,0,0,1,164,0,176,400.1,0,399.9,0,369,0,0,126,0,0,0,0,0,0,0,0,0,0,0,0,9,0,0,325,0,0,0,0,0,1,0,0,0,0,0,0,0,0,623.5,0,3,0,2,0,0,0,0,0,4,0,192,51,10,27,0,0,0,0,1,2,0,0,3,0,2,0,0,0,0,0,0,0,0,0,20,0,600.7,0,0,0,0,5
69,2009,South,Gull Island,SMR,MPA,0,0,0,1193,31,0,0,0,0,0,0,1,0,0,195,0,0,0,0,3,0,0,1,0,0,0,0,38,0,0,0,0,0,0,0,0,0,0,0,0,0,0,0,0,0,0,0,0,0,0,0,0,0,0,0,0,2,1,0,2,0,0,0,0,0,0,0,0,61,0,0,0,206,0,548,0,0,10,0,5,0,0,2495.9,0,0,0,0,0,0,0,0,0,0,0,0,0,0,0,28,0,0,0,0,0,0,0,0,0,0,0,0,1,0,248.1,0,243.8,0,1,0,0,0,0,0,35,0,31,210,0,6,0,0,0,0,0,0,0,0,8,0,0,0,0,0,3,0,0,0,0,0,0,0,3989.4,0,4,0,0,0
70,2014,South,Gull Island,Reference,Reference,0,0,0,2174.4,15,0,0,0,0,0,0,0,0,0,64,0,0,0,0,1,0,0,0,0,0,0,0,3,0,0,0,0,0,0,8,0,0,0,0,0,0,0,0,2,0,0,23,0,29,0,0,0,0,0,0,0,0,264,0,5,0,0,0,9,0,0,0,0,16,10,105,0,185,0,38,1298.4,0,4,0,433,0,0,1785.4,2,0,0,0,0,0,0,0,0,0,0,0,1,0,0,0,0,0,0,0,0,12,0,0,0,0,0,0,0,0,9,0,1,0,2,0,0,0,2,0,7,0,0,0,2,50,0,0,0,0,1,2,0,0,6,0,0,0,0,1,0,0,0,0,0,0,1,0,463,0,7057.2,0,0,75
71,2014,South,Gull Island,SMR,MPA,0,0,0,1430,108,0,0,0,0,0,0,1,0,0,295,0,0,0,0,125,0,0,0,0,0,0,0,20,0,1,0,0,0,1,0,0,0,0,0,0,0,0,4,1,0,0,8,0,31,0,0,0,0,0,0,0,23,19,0,3,0,0,0,0,0,0,0,0,113,14,0,1,318,1,811,0,0,5,5,17,0,0,536,1,0,0,33,0,0,0,0,0,0,0,0,0,0,0,0,0,0,0,0,0,0,0,0,0,0,0,0,24,0,143.1,0,446,0,1,0,0,0,1,0,131,0,0,0,14,6,0,1,0,0,0,0,0,0,24,0,0,0,0,1,9,0,0,0,1,0,0,0,2229.5,0,19783,0,0,0
72,2015,South,Gull Island,Reference,Reference,0,0,0,2239,18,0,0,0,0,0,0,0,0,0,110,0,0,0,0,0,0,0,0,0,1,0,0,12,0,0,0,0,0,0,2,0,0,0,0,0,1,0,2,4,0,0,29,0,41,0,0,0,0,0,0,0,1,371,1,1,0,0,0,1,0,0,0,0,16,799.9,0,0,209,0,29,7415.6,0,9,0,90,538,0,148,7,0,0,0,0,0,0,0,0,1,0,0,4,0,0,0,0,0,0,0,0,7,0,0,0,0,0,0,0,0,238.9,0,19,0,1,0,0,0,5,0,14,0,0,0,3,57,0,0,0,0,0,6,1,0,12,0,90,0,0,0,7,0,0,0,0,0,42,0,879.9,0,1317,0,1,20
73,2015,South,Gull Island,SMR,MPA,0,0,0,1046,119,0,0,0,0,0,0,0,0,0,427,0,0,0,0,86,0,0,3,0,0,0,0,77,0,0,0,0,0,0,0,0,0,0,0,0,0,0,5,0,0,2,2,0,28,0,0,1,0,0,0,0,33,8,3,0,0,0,0,1,0,0,0,0,139,4,0,0,318,0,1120,0,0,11,0,5,10,0,77,0,0,0,5,0,0,0,0,0,1,0,0,0,0,0,0,0,0,0,0,0,1,0,0,0,0,0,0,9,0,1,0,67,0,0,0,0,0,3,0,81,0,0,0,5,4,0,0,0,0,0,0,0,0,16,0,1,0,0,8,3,0,0,0,0,0,0,1,953.9,0,15599.4,0,0,0
74,2005,South,Harris Point,Reference,Reference,0,0,0,444,252,0,0,0,0,0,0,25,0,0,53,0,0,0,0,57,0,0,0,0,0,0,0,71,0,0,0,0,0,0,0,0,0,0,0,0,0,0,0,37,0,0,3,0,1,0,0,0,0,0,0,0,0,145,0,0,0,0,0,0,0,0,0,0,4,0,0,0,3,0,1147,9,0,1,0,1,0,0,0,1,0,0,0,0,0,0,0,0,0,2,0,0,0,0,11,0,0,0,0,0,5,0,0,0,0,0,0,0,0,19,0,9,0,0,0,0,0,0,0,52,0,0,0,45,33,1,0,0,0,0,0,0,0,34,0,0,0,0,0,0,0,0,0,0,0,0,0,0,0,0,0,1,0
75,2005,South,Harris Point,SMR,MPA,0,0,0,1265,454,0,0,0,0,0,0,0,0,0,805,0,0,0,0,12,0,0,0,0,0,0,0,90,0,0,0,0,0,2,4,0,0,0,0,0,0,0,0,17,0,0,10,0,0,0,0,0,0,0,0,0,0,8,0,12,0,0,0,0,0,8,0,0,48,0,0,0,149,0,751,0,0,19,3,32,0,0,7,0,0,0,14,0,0,0,0,0,0,0,0,0,0,0,109,9,0,0,0,0,3,0,0,0,0,0,0,0,0,135,0,119,0,1,0,2,0,0,0,37,0,0,0,333.4,6,0,0,0,0,0,0,1,0,42,0,0,0,0,0,2,0,0,0,0,0,0,0,595.8,0,0,0,0,0
76,2006,South,Harris Point,Reference,Reference,0,0,0,165,67,0,0,0,0,0,0,0,0,0,11,0,0,0,0,20,0,0,1,0,0,0,0,75,0,0,0,0,0,5,0,0,0,0,0,0,0,0,0,31,0,0,4,0,0,0,0,0,0,0,0,0,0,30,0,0,0,0,0,0,0,18,0,0,5,0,1,0,1,0,132,4,0,0,0,0,0,0,0,0,0,10,0,0,0,0,0,0,0,0,0,0,0,0,9,0,0,0,0,0,1,0,0,0,0,0,0,0,0,148.2,0,4,0,0,0,0,0,0,0,10,0,1,0,22,10,0,0,0,0,0,0,0,0,13,0,0,0,0,0,0,0,0,0,0,0,1,0,0,0,0,0,0,0
77,2006,South,Harris Point,SMR,MPA,0,0,0,1114,61,0,0,0,0,0,0,0,0,0,623,0,0,0,0,5,0,0,0,0,0,0,0,105,0,0,1,0,0,0,0,0,0,0,0,0,0,0,1,11,0,0,43,0,2,0,0,0,0,0,0,0,0,29,0,5,0,0,0,1,0,1,0,0,17,2,10,6,91,0,430,2,0,15,0,30,0,0,0,0,0,0,0,0,0,0,0,0,0,2,0,0,0,0,222,0,0,0,0,0,1,0,0,0,0,0,0,0,0,390.3,0,509.6,0,0,0,0,0,0,0,27,0,65,0,410.7,15,0,0,0,0,0,0,1,0,13,0,0,0,0,0,1,0,0,0,0,0,0,0,1078.8,0,0,0,0,0
78,2007,South,Harris Point,Reference,Reference,0,0,0,172,1,0,0,0,0,0,4,8,0,0,16,0,0,0,0,34,0,0,0,0,0,0,0,67,0,0,0,0,0,0,1,0,0,0,0,0,0,0,0,23,0,0,12,0,0,0,0,0,0,0,0,0,0,15,0,0,0,0,0,0,0,8,0,0,1,0,0,0,0,0,243,0,0,0,0,2,0,0,0,0,0,0,0,0,0,0,0,0,0,0,0,0,0,0,4,0,0,0,0,0,1,0,0,0,0,0,0,0,0,131.8,0,2,0,0,0,0,0,0,0,15,0,26,4,33,113,0,0,0,0,0,0,0,0,14,0,0,0,0,0,0,0,0,0,0,0,0,0,0,0,0,0,0,0
79,2007,South,Harris Point,SMR,MPA,0,0,0,1066,38,0,0,0,0,0,0,0,0,0,816,0,0,0,0,2,0,0,0,0,0,0,0,118,0,0,13,0,0,0,0,0,0,0,0,0,0,0,0,4,0,0,14,0,0,0,0,0,0,0,0,0,0,48,0,6,0,0,0,0,0,0,0,0,18,0,19,3,131,0,461,0,0,9,0,10,0,0,0,0,0,0,1,0,0,0,0,0,0,0,0,0,0,0,53,0,0,0,0,0,2,0,0,0,0,0,0,0,0,501.6,0,92,0,0,0,0,0,0,0,12,0,43,119,452.1,30,0,0,0,0,0,0,1,0,10,0,0,0,0,0,0,0,0,0,0,0,0,0,777.1,0,0,0,0,0
80,2008,South,Harris Point,Reference,Reference,0,0,0,97,0,0,0,0,0,0,0,12,0,0,20,0,0,0,0,10,0,0,0,0,0,0,0,49,0,0,0,0,0,0,0,0,0,0,0,0,0,0,0,16,0,0,3,0,1,0,0,0,0,0,0,0,0,80,0,0,0,0,0,0,0,0,0,0,1,0,0,0,0,0,259,0,0,1,0,1,0,0,0,0,0,0,0,0,0,0,0,0,0,0,0,0,0,0,3,0,0,0,0,0,0,0,0,0,0,0,0,0,0,123.4,0,16,0,0,0,0,0,0,0,12,0,13,99,35,29,0,0,0,0,0,0,0,0,4,0,0,0,0,0,0,0,0,0,0,0,0,0,0,0,0,0,0,0
81,2008,South,Harris Point,SMR,MPA,0,0,0,847,1,0,0,0,0,0,0,0,0,0,666,0,0,0,0,4,0,0,0,0,0,0,0,104,0,0,6,0,0,0,1,0,0,0,0,0,0,0,1,6,0,0,60,0,0,0,0,0,0,0,0,0,0,177,0,1,0,0,0,1,0,2,0,0,37,0,0,0,134,0,479,0,0,0,0,18,0,0,18,0,0,1,0,0,0,0,0,0,0,0,0,0,0,0,56,0,0,0,0,0,0,0,0,0,0,0,0,1,0,5627,0,229.2,0,1,0,0,0,0,0,11,0,564.1,879.6,1045.3,51,0,0,0,0,0,0,0,0,3,0,1,0,0,0,0,0,0,0,0,0,0,0,119,0,0,0,0,0
82,2009,South,Harris Point,Reference,Reference,0,0,0,218,2,0,0,0,0,0,0,3,0,0,31,0,0,0,0,8,0,0,0,0,1,0,0,58,0,0,67,0,0,1,0,0,0,0,0,0,0,0,0,23,0,0,20,0,1,0,0,0,0,0,0,0,1,90,0,0,0,0,0,0,0,7,0,0,0,0,0,1,1,0,377,0,0,0,0,0,0,0,0,0,0,0,0,0,0,0,0,0,0,1,0,0,0,0,1,0,0,0,0,0,1,0,0,0,0,0,0,0,0,667.7,0,223,0,0,0,0,0,0,0,54,0,67.4,9,151,96,0,0,0,0,0,0,0,0,8,0,0,0,0,0,0,0,0,0,0,0,0,0,0,0,0,0,0,0
83,2009,South,Harris Point,SMR,MPA,0,0,0,713,5,0,0,0,0,0,0,0,0,0,935,0,0,0,0,1,0,0,0,0,0,0,0,137,0,0,483.7,0,0,0,0,0,0,0,0,0,0,0,2,3,0,0,102,0,0,0,0,0,0,0,0,0,0,73,2,2,0,0,0,1,0,3,0,0,21,0,0,3,84,0,171,4,0,8,0,15,0,0,36.9,0,0,0,0,0,0,0,0,0,0,0,0,0,0,0,31,0,0,0,1,0,1,0,0,0,0,0,0,0,0,7939,0,520.9,0,0,0,0,0,2,0,15,0,386.4,776.8,112,154,0,0,0,0,0,0,0,0,3,0,2,0,0,0,1,0,0,0,0,0,0,0,204,0,0,0,0,0
84,2014,South,Harris Point,Reference,Reference,0,0,0,303,12,0,0,0,0,0,0,10,0,0,346,0,0,0,0,8,0,0,1,0,2,0,0,96,0,0,0,0,0,3,1,0,0,0,0,0,2,0,0,0,0,0,17,0,2,0,0,0,0,0,0,0,0,29,0,0,0,0,0,0,0,0,0,0,8,0,0,0,0,1,479,0,0,0,0,2,0,0,0,1,0,1,43,0,0,0,0,0,0,1,0,0,0,0,0,0,0,0,0,0,0,0,0,0,0,0,0,0,0,0,1,0,0,1,0,0,0,1,0,58,0,0,0,5,37,0,0,0,0,0,0,0,0,15,0,0,0,0,1,0,0,0,0,0,0,0,0,0,0,0,0,0,3
85,2014,South,Harris Point,SMR,MPA,30.4,0,0,1221,30,0,0,0,0,0,0,1,0,0,1365,0,0,0,0,2,0,0,1,0,0,0,0,101,0,0,0,0,0,0,6,0,0,0,0,0,0,0,7,0,0,0,80,0,5,0,0,0,0,0,0,0,0,269,2,9,0,0,0,5,0,0,0,0,27,0,0,1,142,1,236,0,0,0,0,64,0,0,109,1,0,1,131,0,0,0,0,0,0,0,0,0,0,0,0,0,0,0,0,0,9,0,0,0,0,0,0,3,0,1061.1,0,361,0,2,1,0,0,4,0,39,0,0,0,311,137,0,0,0,0,0,5,0,0,21,0,0,0,0,0,1,0,0,0,0,0,0,0,491.9,0,0,0,1,0
86,2015,South,Harris Point,Reference,Reference,0,0,0,187,39,0,0,0,0,0,0,0,0,0,243,0,0,0,0,7,0,0,1,0,0,0,0,80,0,0,0,0,0,1,1,0,0,0,0,0,0,0,1,3,0,0,10,0,1,0,0,0,0,0,0,0,0,274,1,0,0,0,0,0,0,0,0,0,0,0,0,0,2,0,543,0,0,0,0,9,0,0,0,1,0,0,6,0,0,0,0,0,0,2,0,0,0,0,1,0,0,0,0,0,2,0,0,0,0,0,0,0,0,0,0,13,0,0,0,0,0,0,0,34,0,0,0,12,31,0,0,0,0,0,1,0,0,12,0,1,0,0,0,0,0,0,0,0,0,0,0,0,0,0,0,0,2
87,2015,South,Harris Point,SMR,MPA,0,0,0,1158,11,0,0,0,0,0,0,0,0,0,1685,0,0,0,0,0,0,0,0,0,0,0,0,113,0,0,0,0,0,0,0,0,0,0,0,0,0,0,8,2,0,0,41,0,0,0,0,0,0,0,0,0,0,437,0,7,0,0,0,0,0,0,0,0,33,0,0,0,140,0,199,0,0,6,0,93,0,0,89,0,0,0,165,0,0,0,0,0,0,1,0,0,0,0,0,0,0,0,0,0,3,0,0,0,0,0,0,0,0,33,0,37,0,2,0,0,0,0,0,30,0,0,0,189,153,0,0,0,0,0,53,0,0,2,0,4,0,0,1,2,0,0,0,0,0,0,1837.1,921.4,0,0,0,0,0
88,2016,Central,Piedras Blancas,SMCA,MPA,0,0,0,1,0,0,0,0,0,0,0,1,0,0,6,0,0,0,0,57,0,0,1,0,0,0,0,2,0,0,0,0,0,0,1,0,0,0,0,0,0,0,0,0,0,0,2,0,0,0,0,0,0,0,0,0,0,0,0,0,0,0,0,0,0,0,0,0,0,0,0,0,63,0,601,0,0,4,0,0,0,0,0,0,4,0,0,0,0,0,0,0,0,0,0,0,0,0,0,0,0,0,0,0,0,0,0,0,0,0,0,81,0,0,0,127,0,0,0,0,0,0,0,15,0,0,0,53,2,0,0,0,0,0,0,0,0,1,0,0,0,6,0,0,0,0,0,0,0,0,0,3,0,0,0,0,0
89,2016,Central,Piedras Blancas,SMR,MPA,0,0,0,114,1,0,0,0,0,0,0,2,0,0,0,0,0,0,0,0,0,0,0,0,0,0,0,0,0,0,0,0,0,0,48,0,0,0,0,0,0,0,0,0,0,0,0,0,1,0,0,0,0,0,0,0,0,9,2,0,0,0,0,0,0,0,0,0,0,0,0,1,0,0,3,0,0,0,0,11,0,0,0,0,0,0,2,0,0,0,0,0,0,0,0,0,0,0,0,0,0,0,0,0,0,0,0,0,0,0,0,0,0,0,0,0,0,0,0,0,0,0,0,5,0,0,0,18,1,0,0,0,0,0,0,0,0,1,0,0,0,0,0,0,0,0,0,0,0,0,0,0,0,0,0,0,1
90,2015,North Central,Pillar Point,Reference,Reference,0,0,0,1288,0,0,0,0,0,0,0,0,0,0,50,0,0,0,0,0,0,0,1,0,19,0,0,0,2,0,0,0,0,1,133,0,0,0,0,0,0,0,0,1,0,0,5,0,115,0,0,0,0,0,0,0,0,11,25,0,0,0,0,4,0,0,0,0,0,0,0,0,0,0,6,15,0,0,0,46,0,0,0,0,10,170,2,0,0,0,0,0,0,0,0,0,0,0,0,0,0,0,0,0,1,19,0,0,0,0,0,0,0,0,0,12,0,2,0,0,0,0,0,49,0,0,0,22,2,3,0,0,0,0,0,0,0,19,0,0,0,0,0,0,0,0,0,0,0,0,1,6,0,0,0,9,8
91,2015,North Central,Pillar Point,SMCA,MPA,0,0,0,1199,3,0,0,0,0,0,0,0,0,0,70,0,0,0,0,0,0,0,0,0,13,0,0,0,0,2,0,0,0,1,141,0,0,0,0,0,0,0,0,2,0,0,12,0,64,0,0,0,0,0,0,0,0,9,22,0,0,0,0,0,0,0,0,0,0,0,0,0,0,0,3,6,0,0,0,24,0,0,0,0,2,99,32,0,0,0,0,0,0,0,0,0,0,0,0,0,0,0,0,0,8,0,1,0,0,0,0,0,0,0,0,13,0,0,0,0,0,0,0,31,0,0,0,45,0,2,0,0,0,0,0,0,0,13,0,3,0,0,0,0,0,0,0,0,0,0,11,0,0,0,0,84,28
92,2011,North Central,Point Arena,Reference,Reference,0,0,3,6,0,0,0,0,0,0,0,0,0,0,145,0,0,0,0,0,0,0,0,0,0,0,0,0,0,0,0,0,1,0,13,0,0,0,0,0,0,0,0,0,0,0,0,0,4,0,0,0,0,0,0,0,0,1,0,0,0,0,0,0,0,0,0,0,0,0,0,0,0,0,21,0,0,62,0,9,0,0,0,0,0,0,0,0,0,0,0,0,0,0,0,0,0,0,0,0,0,0,0,0,0,0,0,0,0,0,0,0,0,0,0,0,0,1,0,0,0,1,0,1,0,0,0,0,0,0,0,0,0,0,0,0,0,0,0,0,0,0,0,0,0,0,0,0,0,0,0,32,0,0,0,124,0
93,2011,North Central,Point Arena,SMR/SMCA,MPA,0,0,10,14,0,0,0,0,0,0,0,0,0,0,1225,0,0,0,0,0,0,0,0,0,0,0,0,0,0,0,0,0,0,0,189,0,0,0,0,0,0,0,0,0,0,0,0,0,63,0,0,0,0,0,0,0,0,379,1,10,0,0,0,0,0,0,0,0,0,0,0,2,0,0,214,0,0,83,0,73,0,0,0,0,0,101,0,0,0,0,0,0,0,0,0,2,3,0,0,0,0,0,0,0,0,0,0,0,0,0,0,0,0,0,0,0,0,0,0,0,0,0,0,79,0,0,0,0,9,0,0,0,0,0,0,0,0,0,0,0,0,0,0,0,0,0,0,0,0,0,0,143,0,0,0,1339,0
94,2015,North Central,Point Arena,Reference,Reference,76,0,6,8,0,0,0,0,0,0,0,0,3,0,947,0,0,0,0,0,0,0,0,0,1,0,0,0,1,0,0,0,0,0,92,0,0,0,0,0,0,1,8,0,0,0,8,0,139,0,0,0,0,0,0,0,0,137,328.6,6,2,0,0,0,0,0,1,3,0,1,0,0,0,0,83,1993.3,0,10,16,17,0,0,16,0,177,1,321,0,0,0,0,0,0,1,0,0,0,0,0,0,0,0,0,0,4,17,8,0,0,0,0,0,0,0,0,0,0,0,0,0,0,2,0,154,0,0,0,14,7,0,0,0,0,0,0,0,0,7,0,34,2,0,0,0,0,0,0,0,0,0,19,102,0,0,0,1009.2,0
95,2015,North Central,Point Arena,SMR/SMCA,MPA,4,0,3,20,0,0,0,0,0,0,0,1,3,0,1422,0,0,0,0,0,0,0,1,0,0,0,0,0,1,2,0,0,0,2,26,0,0,0,0,0,0,0,1,0,0,1,34,0,111,0,0,0,0,0,0,3,0,317,34,4,0,0,0,0,0,0,5,1,0,43.5,0,0,0,0,20,932.8,0,3,29,53,0,0,7,0,552,1,237,0,0,0,0,1,0,0,0,0,0,0,0,0,0,0,0,0,15,11,1,0,0,0,0,0,0,0,0,0,0,0,0,0,0,0,0,41,0,0,0,0,6,1,0,0,0,0,0,0,0,16,0,18,0,0,0,0,0,0,0,1,0,0,7,60,0,0,0,725,0
96,2008,Central,Point Buchon,Reference,Reference,0,0,0,604,86,0,0,0,0,0,0,0,0,0,9,0,0,0,0,14,0,0,0,0,1,0,0,31,0,0,0,0,0,1,102,0,0,0,0,0,0,0,0,3,0,0,5,0,9,0,0,0,0,0,0,0,0,5,0,0,2,0,0,0,1,37,0,0,0,0,0,5,29,0,188,0,0,4,0,26,0,0,34,0,18,13,0,0,0,0,0,0,0,0,0,0,0,0,2,1,0,0,0,0,0,0,0,0,0,0,0,0,0,0,0,11,0,1,0,1,0,0,0,48,0,0,0,286,34,0,0,0,0,0,0,0,0,25,0,0,0,45,0,0,0,0,0,0,0,0,0,20,0,0,0,429.1,0
97,2008,Central,Point Buchon,SMR,MPA,0,0,0,1353,92,0,0,0,0,0,0,65,0,0,10,0,0,0,0,0,0,0,0,0,0,0,0,20,0,0,7,0,0,1,39,0,0,0,0,0,0,0,0,20,0,0,8,0,5,0,0,0,0,0,0,0,0,5,0,0,0,0,0,0,0,71,0,0,0,0,0,27,29,0,90,0,0,3,0,18,0,0,15,0,0,29,0,0,0,0,0,0,0,0,0,0,0,0,4,1,0,0,0,0,0,0,0,0,0,0,0,0,0,0,0,25,0,0,0,0,0,0,0,52,0,0,0,533,49,0,0,0,0,0,1,0,0,57,0,0,0,4,0,0,0,0,0,0,0,0,0,51,0,0,0,19,0
98,2012,Central,Point Buchon,Reference,Reference,0,57,0,724,0,0,0,0,0,0,0,0,0,0,55,0,0,0,0,0,0,0,0,0,2,0,0,0,0,0,0,0,0,0,96,0,0,0,0,0,0,0,0,17,0,0,0,0,11,0,0,0,0,0,0,0,0,8,0,2,0,0,0,0,0,0,0,0,3,0,0,33,145,0,166,0,0,30,0,19,0,0,28,0,0,18,0,0,0,0,0,0,0,0,0,0,0,0,7,0,0,0,0,0,0,0,0,0,0,0,0,0,0,0,0,0,0,0,0,0,0,3,0,80,0,0,0,0,0,0,0,0,0,0,0,0,0,0,0,0,0,0,0,0,0,40,0,0,0,0,0,1,0,0,0,329,0
99,2012,Central,Point Buchon,SMR,MPA,0,81,0,3633,0,0,1,2,0,0,1,211,0,0,33,0,0,0,0,0,0,0,0,0,4,0,0,0,0,0,0,0,0,0,506,3,0,0,0,0,0,0,0,261,0,0,0,0,0,0,0,0,0,0,1,0,0,7,0,2,0,0,0,0,0,0,0,0,3,0,0,42,124,0,176,0,0,49,0,113,0,0,115,0,0,42,0,0,4,0,0,0,0,0,0,5,0,0,106,0,0,0,0,0,0,0,0,0,0,0,0,0,0,0,0,0,0,4,0,0,0,5,0,118,0,0,0,0,0,0,0,0,0,0,0,0,0,0,0,0,0,0,0,0,0,353,0,0,0,0,0,7,0,0,0,82,0
100,2016,Central,Point Buchon,Reference,Reference,0,0,0,405,1,0,0,0,0,0,0,0,0,0,7,0,0,0,0,3,0,0,0,0,1,0,0,6,0,2,0,0,0,0,160,0,0,0,0,0,0,0,1,2,0,0,4,0,7,0,0,0,0,0,0,0,0,18,0,0,0,1,0,0,0,0,0,0,14,0,0,0,294,0,41,0,0,3,8,36,0,0,22,0,34,0,9,0,0,0,0,0,0,0,0,0,0,0,0,0,0,0,0,0,28,0,0,0,0,0,0,0,0,0,0,3,0,0,0,1,0,0,0,102,0,0,0,65,18,0,0,0,0,0,0,0,0,1,0,0,0,60,0,0,0,0,0,0,0,0,0,9,0,0,0,252.7,5
101,2016,Central,Point Buchon,SMR,MPA,0,0,0,796,1,0,0,0,0,0,0,98,0,0,8,0,0,0,0,0,0,0,0,0,0,0,0,4,0,0,0,0,0,0,81,0,0,0,0,0,0,0,1,6,0,0,2,0,0,0,0,0,0,1,0,0,0,10,0,0,0,0,0,0,0,0,0,0,0,0,0,1,41,0,59,0,0,2,0,42,0,0,3,0,2,0,2,0,0,0,0,0,0,0,0,0,0,0,0,0,0,0,0,0,0,0,0,0,0,0,0,0,0,21,0,2,0,0,0,0,0,0,0,33,0,0,0,165,6,0,0,0,0,0,0,0,0,1,0,0,0,30,0,0,0,0,0,0,0,0,0,3,0,0,0,8,0
102,2019,Central,Point Buchon,Reference,Reference,0,0,0,676,0,0,0,0,0,0,0,3,0,0,627,0,0,0,0,1,0,0,0,0,5,0,0,43,0,2,165.98,0,0,0,327,0,0,0,0,0,0,0,3,1,0,0,6,1,13,0,0,0,0,8,0,0,0,344,10,2,0,0,0,5,0,0,0,0,12,20,0,0,140.01,0,52,28,0,21,0,119,0,0,44,0,409,0,780.02,0,0,88,0,0,0,0,0,0,0,0,0,0,0,0,0,0,5,0,0,0,0,0,0,0,0,1085.31,11,69,0,1,0,3,0,0,0,440,0,0,1431.93,0,24,2,0,0,0,0,0,0,0,2,0,0,0,0,0,12,0,0,0,0,0,0,806.17,170,0,2,0,141.86,1
103,2019,Central,Point Buchon,SMR,MPA,0,0,0,1983,3,0,0,0,0,0,0,90,0,0,239,0,0,0,0,0,0,0,0,0,0,0,0,22,0,0,43,0,0,0,204,0,6,0,0,0,0,0,20,5,0,0,10,0,1,0,0,0,0,5,0,0,0,127,46,0,1,0,0,0,0,0,0,0,2,1,0,1,10,0,14,2,1,4,0,92,0,0,113,0,26,0,385,0,237.91,31,0,0,1,0,0,2,0,0,0,0,0,0,0,0,6,0,0,0,0,0,0,0,0,128.04,20,123,0,0,0,0,0,0,0,247,0,22,785,3,79,0,0,0,0,0,1,0,5,4,0,0,1,0,0,17,0,0,0,0,0,0,752.82,137,0,4,0,72,6
104,2008,Central,Point Buchon,Reference,Reference,0,0,0,604,86,0,0,0,0,0,0,0,0,0,9,0,0,0,0,14,0,0,0,0,1,0,0,31,0,0,0,0,0,1,102,0,0,0,0,0,0,0,0,3,0,0,5,0,9,0,0,0,0,0,0,0,0,5,0,0,2,0,0,0,1,37,0,0,0,0,0,5,29,0,188,0,0,4,0,26,0,0,34,0,18,13,0,0,0,0,0,0,0,0,0,0,0,0,2,1,0,0,0,0,0,0,0,0,0,0,0,0,0,0,0,11,0,1,0,1,0,0,0,48,0,0,0,286,34,0,0,0,0,0,0,0,0,25,0,0,0,45,0,0,0,0,0,0,0,0,0,20,0,0,0,429.1,0
105,2008,Central,Point Buchon,SMR,MPA,0,0,0,1353,92,0,0,0,0,0,0,65,0,0,10,0,0,0,0,0,0,0,0,0,0,0,0,20,0,0,7,0,0,1,39,0,0,0,0,0,0,0,0,20,0,0,8,0,5,0,0,0,0,0,0,0,0,5,0,0,0,0,0,0,0,71,0,0,0,0,0,27,29,0,90,0,0,3,0,18,0,0,15,0,0,29,0,0,0,0,0,0,0,0,0,0,0,0,4,1,0,0,0,0,0,0,0,0,0,0,0,0,0,0,0,25,0,0,0,0,0,0,0,52,0,0,0,533,49,0,0,0,0,0,1,0,0,57,0,0,0,4,0,0,0,0,0,0,0,0,0,51,0,0,0,19,0
106,2012,Central,Point Buchon,Reference,Reference,0,57,0,724,0,0,0,0,0,0,0,0,0,0,55,0,0,0,0,0,0,0,0,0,2,0,0,0,0,0,0,0,0,0,96,0,0,0,0,0,0,0,0,17,0,0,0,0,11,0,0,0,0,0,0,0,0,8,0,2,0,0,0,0,0,0,0,0,3,0,0,33,145,0,166,0,0,30,0,19,0,0,28,0,0,18,0,0,0,0,0,0,0,0,0,0,0,0,7,0,0,0,0,0,0,0,0,0,0,0,0,0,0,0,0,0,0,0,0,0,0,3,0,80,0,0,0,0,0,0,0,0,0,0,0,0,0,0,0,0,0,0,0,0,0,40,0,0,0,0,0,1,0,0,0,329,0
107,2012,Central,Point Buchon,SMR,MPA,0,81,0,3633,0,0,1,2,0,0,1,211,0,0,33,0,0,0,0,0,0,0,0,0,4,0,0,0,0,0,0,0,0,0,506,3,0,0,0,0,0,0,0,261,0,0,0,0,0,0,0,0,0,0,1,0,0,7,0,2,0,0,0,0,0,0,0,0,3,0,0,42,124,0,176,0,0,49,0,113,0,0,115,0,0,42,0,0,4,0,0,0,0,0,0,5,0,0,106,0,0,0,0,0,0,0,0,0,0,0,0,0,0,0,0,0,0,4,0,0,0,5,0,118,0,0,0,0,0,0,0,0,0,0,0,0,0,0,0,0,0,0,0,0,0,353,0,0,0,0,0,7,0,0,0,82,0
108,2016,Central,Point Buchon,Reference,Reference,0,0,0,405,1,0,0,0,0,0,0,0,0,0,7,0,0,0,0,3,0,0,0,0,1,0,0,6,0,2,0,0,0,0,160,0,0,0,0,0,0,0,1,2,0,0,4,0,7,0,0,0,0,0,0,0,0,18,0,0,0,1,0,0,0,0,0,0,14,0,0,0,294,0,41,0,0,3,8,36,0,0,22,0,34,0,9,0,0,0,0,0,0,0,0,0,0,0,0,0,0,0,0,0,28,0,0,0,0,0,0,0,0,0,0,3,0,0,0,1,0,0,0,102,0,0,0,65,18,0,0,0,0,0,0,0,0,1,0,0,0,60,0,0,0,0,0,0,0,0,0,9,0,0,0,252.7,5
109,2016,Central,Point Buchon,SMR,MPA,0,0,0,796,1,0,0,0,0,0,0,98,0,0,8,0,0,0,0,0,0,0,0,0,0,0,0,4,0,0,0,0,0,0,81,0,0,0,0,0,0,0,1,6,0,0,2,0,0,0,0,0,0,1,0,0,0,10,0,0,0,0,0,0,0,0,0,0,0,0,0,1,41,0,59,0,0,2,0,42,0,0,3,0,2,0,2,0,0,0,0,0,0,0,0,0,0,0,0,0,0,0,0,0,0,0,0,0,0,0,0,0,0,21,0,2,0,0,0,0,0,0,0,33,0,0,0,165,6,0,0,0,0,0,0,0,0,1,0,0,0,30,0,0,0,0,0,0,0,0,0,3,0,0,0,8,0
110,2019,Central,Point Buchon,Reference,Reference,0,0,0,676,0,0,0,0,0,0,0,3,0,0,627,0,0,0,0,1,0,0,0,0,5,0,0,43,0,2,165.98,0,0,0,327,0,0,0,0,0,0,0,3,1,0,0,6,1,13,0,0,0,0,8,0,0,0,344,10,2,0,0,0,5,0,0,0,0,12,20,0,0,140.01,0,52,28,0,21,0,119,0,0,44,0,409,0,780.02,0,0,88,0,0,0,0,0,0,0,0,0,0,0,0,0,0,5,0,0,0,0,0,0,0,0,1085.31,11,69,0,1,0,3,0,0,0,440,0,0,1431.93,0,24,2,0,0,0,0,0,0,0,2,0,0,0,0,0,12,0,0,0,0,0,0,806.17,170,0,2,0,141.86,1
111,2019,Central,Point Buchon,SMR,MPA,0,0,0,1983,3,0,0,0,0,0,0,90,0,0,239,0,0,0,0,0,0,0,0,0,0,0,0,22,0,0,43,0,0,0,204,0,6,0,0,0,0,0,20,5,0,0,10,0,1,0,0,0,0,5,0,0,0,127,46,0,1,0,0,0,0,0,0,0,2,1,0,1,10,0,14,2,1,4,0,92,0,0,113,0,26,0,385,0,237.91,31,0,0,1,0,0,2,0,0,0,0,0,0,0,0,6,0,0,0,0,0,0,0,0,128.04,20,123,0,0,0,0,0,0,0,247,0,22,785,3,79,0,0,0,0,0,1,0,5,4,0,0,1,0,0,17,0,0,0,0,0,0,752.82,137,0,4,0,72,6
112,2014,South,Point Conception,Reference,Reference,0,0,0,0,0,0,0,0,0,0,0,0,0,0,5,0,0,0,0,0,0,0,0,0,0,0,0,2,0,0,0,0,0,0,0,0,0,0,0,0,0,0,0,0,0,0,0,0,46,0,0,0,0,0,0,0,0,61,0,0,0,0,0,0,0,0,0,0,116,0,0,0,20,0,62,0,0,2,0,8,0,1,0,0,0,0,0,0,0,0,0,0,0,0,0,0,0,0,0,0,0,0,0,0,3,0,0,0,0,0,0,0,0,0,0,0,0,11,0,0,3,0,0,0,0,0,0,2,10,0,2,0,0,0,0,0,0,3,0,0,0,0,0,89,0,0,0,0,0,0,0,82,0,0,0,32,0
113,2014,South,Point Conception,SMR,MPA,0,0,0,57,0,0,0,0,0,0,0,0,0,0,12,0,0,0,0,0,0,0,1,0,0,0,0,0,0,33,0,0,0,0,1,0,0,0,0,0,0,1,0,0,0,1,0,0,19,0,0,0,0,0,0,0,0,174,0,1,0,0,0,2,0,0,0,0,1,0,0,1,17,0,21,0,0,5,0,203,0,0,341,0,0,0,0,0,0,0,0,0,0,0,0,0,0,0,0,0,0,0,0,0,19,0,0,0,0,0,0,0,0,0,0,1,1,30,0,0,1,0,0,2,0,0,0,14,22,3,2,0,0,0,2,0,0,2,0,1,0,0,0,120,0,0,0,0,0,0,0,7,0,0,0,173,0
114,2019,South,Point Conception,Reference,Reference,0,0,0,632,0,0,0,0,0,0,0,0,0,0,8,0,0,0,0,0,0,0,0,0,0,0,0,7,0,0,0,0,0,0,5,0,0,0,0,0,0,0,10,0,0,0,2,0,2,0,0,0,0,10,0,0,1,400,0,0,0,0,0,0,0,0,0,0,7,0,0,0,107,1,22,0,0,10,0,28,0,0,18,0,1,1,125,0,9,26,0,0,0,0,0,3,0,0,0,0,0,0,0,0,0,0,0,0,0,0,0,0,0,1096.55,1,6,0,2,0,0,0,0,0,48,0,0,175,0,32,2,0,0,0,0,0,0,0,2,0,0,0,0,0,426,0,0,0,0,0,1,0,16,0,91.2,0,0,2
115,2019,South,Point Conception,SMR,MPA,0,0,0,23,0,0,0,0,0,0,0,0,0,0,44,0,0,0,1,5,0,0,1,0,0,0,0,0,0,9,0,0,0,3,5,0,0,0,2,0,0,0,0,0,0,0,0,0,1,0,0,0,0,1,0,0,0,140,0,1,1,0,25989.93,37,0,0,0,0,1,0,0,0,46,4,2,0,0,203,0,396,0,0,218,0,3,0,23,0,0,6,0,0,134,0,0,0,0,0,0,0,0,0,0,0,6,0,0,0,0,0,0,0,0,0,0,71,0,32,0,0,0,0,0,12,0,0,90,0,5,0,0,0,0,0,2,0,26,1,0,0,0,0,0,49,0,0,0,0,0,0,49.96,220,0,0,0,244,0
116,2007,Central,Point Lobos,SMR,MPA,0,0,1,378.9,112,0,0,0,0,0,0,93,0,0,54,0,0,0,0,7,0,0,2,0,1,0,0,2,0,0,1,0,0,4,81,0,0,0,0,0,0,0,0,26,0,0,46,0,5,0,0,0,0,0,0,0,0,13,0,0,0,0,0,0,0,27,0,0,0,0,13,22,348.6,0,369,0,0,1,0,4,0,0,0,1,7,15,0,1,0,0,0,0,0,0,0,0,0,0,14,7,0,0,0,0,3,0,0,0,0,0,0,10,0,341.7,0,346,0,0,0,0,0,14,0,70,0,0,0,2107.3,294,0,0,0,0,0,0,0,0,43,0,0,0,37,0,0,0,0,0,0,0,0,0,3,0,0,0,2,2
117,2008,Central,Point Lobos,Reference,Reference,0,0,4,66,215,0,0,0,0,0,0,173.9,0,0,6,0,0,0,0,39,0,0,3,0,2,0,0,4,0,0,30,0,0,3,30,0,0,0,0,0,0,0,0,12,0,0,8,0,5,0,0,0,1,0,0,0,0,1,0,1,0,0,0,0,0,19,0,0,0,0,0,3,1050.3,0,534,0,0,6,1,0,0,0,0,8,558,2,1,0,0,0,0,0,0,8,0,0,0,0,0,0,0,0,0,0,1,0,0,0,0,0,0,32,0,4,0,279,0,1,0,0,0,0,0,52,0,0,0,927,606.9,0,0,0,0,0,0,0,0,48,0,0,0,4,0,0,0,0,0,0,0,0,0,1,0,0,0,1,0
118,2008,Central,Point Lobos,SMR,MPA,0,0,3,786,218,0,0,0,0,0,0,146,0,0,16,0,0,0,0,6,0,0,1,0,0,0,0,6,0,0,0,0,0,0,149,0,0,0,0,0,0,0,0,18,0,0,35,0,13,0,0,0,0,0,0,0,0,3,0,1,0,0,0,0,0,33,0,0,0,0,8,25,864.7,1,480,0,0,5,0,5,0,0,0,1,516,6,0,0,0,0,0,0,0,4,0,0,0,0,4,4,0,0,0,0,1,0,0,0,0,0,0,21,0,84,0,183,0,0,0,0,0,0,0,67,0,0,0,2776.1,377,0,0,0,0,0,0,0,0,52,0,0,0,16,0,0,0,0,0,0,0,0,0,30,0,0,0,0,0
119,2016,Central,Point Lobos,Reference,Reference,0,0,1,179,1,0,0,0,0,0,0,292,0,0,361,0,0,0,0,23,0,0,0,0,5,0,0,4,0,5,9,0,0,0,73,0,0,0,0,0,0,0,1,8,0,0,11,0,4,0,0,0,0,0,0,0,0,58,0,0,0,0,0,8,0,0,0,0,0,1596,0,6,412,0,454,773,0,3,24,6,0,0,0,2,0,0,0,0,0,0,0,0,0,2,0,0,0,0,0,0,1,0,0,0,1,0,0,0,0,0,0,110,0,24,0,17,0,1,0,0,0,0,0,58,0,0,0,481,379,0,0,0,0,0,0,0,0,10,0,8,2,9,6,0,0,0,0,0,0,0,0,6,0,1842.1,0,0,4
120,2016,Central,Point Lobos,SMR,MPA,0,0,3,595,7,0,0,0,0,0,0,494,0,0,1504,0,0,0,0,22,0,0,5,0,15,0,0,4,0,1,12,0,0,2,185,0,0,0,0,0,0,0,3,2,0,0,53,0,9,0,0,0,0,0,0,0,0,165,0,13,0,0,0,0,0,0,0,0,1,39,0,3,540,1,409,456.1,0,16,21,66,0,0,1,7,0,0,1,0,0,0,0,0,0,3,0,0,0,0,0,0,0,0,0,0,13,0,0,0,0,0,0,10,0,951.2,0,82,0,1,0,0,0,2,0,94,0,1,0,3391.8,783,0,0,0,0,0,8,0,0,11,0,0,0,4,3,0,0,0,0,0,0,0,0,138,0,11,0,0,22
121,2019,Central,Point Lobos,Reference,Reference,1,0,2,695,0,0,0,0,0,0,0,2274.34,0,0,2806,0,0,0,0,379,0,0,5,0,38,0,0,22,0,0,0,0,0,9,128,0,0,0,0,0,0,0,27,5,0,0,33,0,61,0,0,0,0,5,127.99,0,0,41,1,2,0,0,0,2,0,1,0,0,0,10,0,27,103,0,1083,447.04,0,33,0,2,0,0,0,2,140,0,81,0,0,12,0,2,1,0,0,0,0,0,0,0,5,0,19,0,2,0,0,0,0,0,0,894.9,0,734.01,0,815.49,0,0,0,0,0,0,0,368,0,0,11466.15,0,839.42,3,0,0,0,0,1,1,1,19,2,1,23,1,2,2,0,0,0,0,0,0,2,9,0,3441.34,0,0,44
122,2019,Central,Point Lobos,SMR,MPA,11,0,4,1380,0,0,0,0,0,0,0,2457.31,0,0,3414.99,0,0,0,0,424,0,0,12,0,43,0,0,6,0,0,0,0,0,9,223,0,0,0,0,0,0,0,56,2,0,0,41,1,33,0,0,0,0,3,79.02,0,1,77,5,8,0,0,0,1,1,1,0,0,0,11,0,13,85,0,778,179.98,0,64,0,77,0,0,24,1,1005.3,0,275,0,0,19,0,0,1,0,0,0,0,0,0,0,0,0,14,0,25,0,0,0,0,0,0,95,0,2088.33,2,813.28,0,0,0,2,0,0,0,453,0,0,12029.62,0,564.71,8,0,0,0,4,13,2,1,11,7,0,123,0,0,8,0,0,0,0,0,3,0,103,0,11,0,2,36
123,2014,North,Point St. George,Reference,Reference,0,0,14,0,0,0,0,0,0,0,0,25,0,0,1709,0,0,0,0,0,0,0,10,0,0,0,0,0,0,2,0,0,0,21,7,0,0,0,0,10,0,0,0,0,0,0,0,0,14,0,0,0,0,0,0,0,0,0,24,0,0,0,0,0,0,0,0,0,0,0,0,7,0,1,133,0,0,0,0,75,0,0,0,0,350,16,1975,1,0,0,0,0,0,1,0,0,7,0,9,0,4,0,3,0,19,0,0,0,2,0,0,0,0,0,0,0,0,0,0,0,0,2,0,28,0,0,0,0,0,1,0,0,0,0,0,0,0,5,0,4,2,0,0,0,0,0,0,0,0,0,27,0,0,0,0,1370.8,0
124,2014,North,Point St. George,SMCA,MPA,0,0,153,1,0,0,0,0,0,0,0,0,3,0,795,0,0,0,0,1,0,0,9,0,0,0,0,0,2,11,0,0,0,35,3,0,0,2,0,0,0,3,1,0,0,0,0,0,2,0,0,0,0,0,0,0,0,3,8,3,2,0,0,0,0,0,0,0,0,0,0,1,0,1,108,2,0,8,0,26,0,0,14,0,832,7,1152,0,0,0,0,0,0,2,0,0,0,0,8,0,0,0,1,0,2,1,0,0,0,0,0,0,0,0,0,0,0,0,0,0,0,1,0,16,0,0,0,0,0,0,0,0,0,0,0,1,0,4,0,1,4,0,0,0,0,0,0,0,0,0,80,82.2,0,0,0,2631.6,0
125,2015,North,Point St. George,SMCA,MPA,0,0,214,0,0,0,0,0,0,0,0,0,6,0,795,0,0,0,0,2,0,0,2,0,0,0,0,0,3,9,0,0,0,4,1,0,0,0,0,45,0,1,0,0,0,0,0,0,10,0,0,0,0,0,0,0,0,1,5,0,0,0,0,0,0,0,0,0,0,0,0,0,0,0,40,0,0,1,0,40,0,0,23,0,491.2,0,889,0,0,0,0,0,0,0,0,0,0,0,0,0,1,0,0,0,13,0,0,0,0,0,0,0,0,0,0,0,0,0,0,0,0,0,0,15,0,0,0,0,0,1,0,0,0,0,0,1,0,4,0,3,0,0,0,0,0,0,0,0,0,0,4,34,0,0,0,3022.1,1
126,2008,Central,Point Sur,Reference,Reference,0,0,0,592,169,0,0,0,0,0,0,68,0,0,2,0,0,0,0,16,0,0,0,0,0,0,0,5,0,0,4,0,0,1,15,0,0,0,0,0,0,0,0,6,0,0,6,0,3,0,0,0,0,0,0,0,0,2,0,0,0,0,0,0,0,15,0,0,0,0,0,5,254,0,293,0,0,1,0,0,0,0,0,2,85,2,3,0,0,0,0,0,0,0,0,0,0,0,3,2,0,0,0,0,0,0,0,0,0,0,0,0,0,0,0,39,0,0,0,1,0,0,0,27,0,0,0,213,113,0,0,0,0,0,0,0,0,22,0,0,0,12,0,0,0,0,0,0,0,0,0,1,0,0,0,0,0
127,2008,Central,Point Sur,SMCA/SMR,MPA,0,0,0,608,310,0,0,0,0,0,0,32,0,0,5,0,0,0,0,16,0,0,0,0,0,0,0,2,0,0,0,0,0,0,17,0,0,0,0,0,0,0,0,2,0,0,5,0,9,0,0,0,0,0,0,0,0,0,0,1,0,0,0,0,0,5,0,0,0,0,0,6,338,0,108,0,0,3,0,3,0,0,2,0,52,0,0,0,0,0,0,0,0,0,0,0,0,0,0,0,0,0,0,0,3,0,0,0,0,0,0,2,0,14,0,49,0,0,0,0,0,0,0,33,0,0,0,312,273,0,0,0,0,0,0,0,0,8,0,0,0,3,0,0,0,0,0,0,0,0,0,39,0,0,0,2,0
128,2012,Central,Point Sur,SMCA/SMR,MPA,0,1548,0,3954,82,0,19,1,0,0,0,960,0,0,0,0,0,0,0,0,0,0,0,0,7,0,0,0,0,0,0,0,0,0,159,3,0,0,0,0,0,0,0,51,2,0,0,0,35,0,0,0,0,0,2,0,0,2,0,1,0,0,0,0,0,0,0,0,16,0,0,135,1007,0,847,0,0,5,0,29,0,0,0,0,0,24,0,0,1,0,0,0,0,0,0,0,2,0,47,0,0,0,0,0,0,0,0,0,0,0,0,0,0,0,0,0,0,2,0,0,0,2,0,83,0,0,0,0,0,0,0,0,0,0,0,0,0,0,0,0,0,0,0,0,656,931,0,0,0,0,0,14,0,0,0,13,0
129,2016,Central,Point Sur,Reference,Reference,0,0,0,607,1,0,0,0,0,0,0,25,0,0,79,0,0,0,0,2,0,0,0,0,2,0,0,15,0,0,1,0,0,0,139,0,0,0,0,0,0,0,0,2,0,0,10,0,8,0,0,0,0,0,0,0,1,75,0,0,0,0,0,0,0,0,0,0,0,0,0,6,10,0,61,1,0,0,3,17,0,0,0,0,0,0,0,0,0,0,0,0,1,0,0,0,0,0,0,0,0,0,0,0,1,0,0,0,0,0,0,3,0,0,0,34,0,0,0,0,0,0,0,18,0,0,0,89,93,0,0,0,0,0,0,0,0,4,0,0,0,0,1,0,0,0,0,0,0,0,0,1,0,0,0,0,3
130,2016,Central,Point Sur,SMCA,MPA,0,0,4,373,3,0,0,0,0,0,0,10,0,0,124,0,0,0,0,175,0,0,4,0,0,0,0,4,0,0,1,0,0,0,4,0,0,0,0,0,0,0,0,0,0,0,1,0,1,0,0,0,0,0,0,0,0,31,0,0,0,0,0,0,0,0,0,0,1,0,0,1,4,0,487,0,0,1,3,3,0,0,0,0,0,0,2,0,0,0,0,0,0,5,0,0,0,0,0,0,0,0,3,0,1,0,0,0,0,0,0,3,0,0,0,130.8,0,0,0,0,0,0,0,104,0,0,0,4,0,0,0,0,0,0,0,0,0,7,0,0,0,0,0,0,0,0,0,0,0,0,1,0,0,0,0,0,0
131,2016,Central,Point Sur,SMCA/SMR,MPA,0,0,0,494,1,0,0,0,0,0,0,72,0,0,41,0,0,0,0,2,0,0,0,0,1,0,0,13,0,0,4,0,0,0,85,0,0,0,0,0,0,0,0,0,0,1,28,0,13,0,0,0,0,0,0,0,1,163,0,0,0,0,0,0,0,0,0,0,1,0,0,6,22,0,40,0,0,2,1,14,0,0,0,0,0,0,0,0,0,0,0,0,0,0,0,0,0,0,0,0,0,0,0,0,0,0,0,0,0,0,0,0,0,0,0,149,0,0,0,0,0,1,0,36,0,0,0,313,164,0,0,0,0,0,0,0,0,3,0,0,0,0,0,0,0,0,0,0,0,0,0,13,0,0,0,0,0
132,2019,Central,Point Sur,Reference,Reference,0,0,0,947,0,0,0,0,0,0,0,483.96,0,0,570,0,0,0,0,35,0,0,5,0,0,0,0,26,0,0,0,0,0,0,174,0,0,0,0,0,0,0,7,0,0,0,51,0,22,0,0,0,0,4,0,0,0,149,1,0,0,0,0,0,0,0,0,0,2,4,0,50,8,0,105,10,0,16,0,23.01,0,0,2,1,429,0,82,0,0,31,0,0,0,0,0,1,0,0,0,0,0,0,2,0,3,0,0,0,0,0,0,16,0,162.98,0,662.02,0,0,0,0,0,0,0,420,0,0,1097.73,0,179,3,0,0,0,0,0,0,0,15,0,0,0,1,2,0,0,0,0,0,0,0,4,2,0,0,0,0,1
133,2019,Central,Point Sur,SMCA,MPA,0,0,6,683,0,0,0,0,0,0,0,0,0,0,633,0,0,0,0,1558,0,0,3,0,4,0,0,5,1,0,0,0,0,27,9,0,0,3,0,0,0,0,0,0,0,0,0,0,0,0,0,0,0,0,0,0,1,55,0,0,0,0,0,0,0,0,0,0,4,0,0,12,1,1,1339,0,0,8,0,7,0,0,0,0,1557.07,0,24,0,0,40,0,0,0,0,0,0,0,2,0,0,0,0,9,0,6,0,0,0,0,0,0,41,0,0,1,933.15,0,0,0,3,0,0,0,299,0,0,591,0,7,0,0,0,0,0,0,0,0,30,0,0,12,1,0,0,0,0,0,0,0,0,3,0,0,0,0,1,0
134,2019,Central,Point Sur,SMCA/SMR,MPA,1,0,0,1162,0,0,0,0,0,0,0,1131.07,0,0,124,0,0,0,0,24,0,0,3,0,0,0,0,13,0,0,5,0,0,1,100,0,1,0,0,0,0,0,10,0,0,0,49,0,35,0,0,0,0,1,0,0,0,244,0,0,1,0,0,0,0,0,0,0,1,0,0,2,0,0,63,0,0,0,0,37,0,0,0,0,265,0,71,0,0,17,0,0,0,0,0,3,0,0,0,0,0,0,0,0,0,0,0,0,0,0,0,0,0,0,1,377.07,0,0,0,0,0,0,0,167,0,0,509.96,2,464.07,9,0,0,0,0,0,0,0,4,0,0,0,0,0,0,0,0,0,0,0,0,0,4,0,0,0,0,0
135,2016,Central,Portuguese Ledge,Reference,Reference,0,0,4,0,0,0,0,0,0,0,0,0,0,0,262,0,0,0,0,33,0,0,1,0,0,0,0,0,1,28,1,0,0,0,0,0,0,0,0,0,0,0,0,0,0,0,0,0,0,0,0,0,0,0,0,0,0,3,0,7,0,0,0,8,1,0,4,0,1,0,0,0,445,0,49,0,0,29,37,2,0,0,98,1,0,0,2,0,0,0,0,0,0,1,0,0,0,0,0,0,0,0,0,0,17,0,0,0,0,0,0,4,0,0,0,8,0,0,0,0,0,0,0,12,0,0,0,5,0,0,0,0,0,1,8,0,0,2,0,0,0,0,0,1,0,0,0,0,0,0,0,1464.6,0,407.2,0,1070.5,0
136,2016,Central,Portuguese Ledge,SMCA,MPA,0,0,18,0,2,0,0,0,0,0,0,0,0,0,697,0,0,0,0,103,0,0,0,0,3,0,0,0,1,31,3,0,0,3,0,0,0,0,0,0,0,0,1,0,0,0,3,0,0,0,0,0,0,0,0,0,3,60,0,3,0,0,0,0,0,0,4,0,2,0,0,0,1784,2,1282.2,1,0,13,57,0,0,0,9,2,0,0,2,0,0,0,0,0,0,1,0,0,0,0,0,0,0,0,0,0,3,0,0,0,0,0,0,17,0,0,0,62,0,0,0,0,0,0,0,40,0,0,0,94,0,0,0,0,0,0,2,0,0,12,0,7,9,0,11,0,0,0,0,0,0,0,1,76,0,78.4,1,443.3,0
137,2019,Central,Portuguese Ledge,Reference,Reference,0,0,2,1,0,0,0,0,0,0,0,0,0,0,977,0,0,0,1,94,0,0,1,0,0,0,0,0,0,4,0,0,0,0,0,0,0,0,0,2,0,0,0,0,0,0,0,0,2,0,0,0,0,0,0,0,0,5,0,1,1,0,1,12,0,0,5,0,0,0,0,0,0,0,55,0,0,94,0,2,0,0,202,0,1083.02,0,0,0,0,4,0,0,2,0,0,0,0,0,0,0,0,0,0,0,0,0,0,0,0,0,0,6,0,10,2,25,0,0,0,0,0,0,0,18,0,0,56,0,0,0,0,0,0,0,6,0,18,6,12,0,7,1,0,7,0,0,0,0,0,0,0,288,0,2,0,911.94,0
138,2019,Central,Portuguese Ledge,SMCA,MPA,0,0,15,1,0,0,0,0,0,0,0,12,0,0,1358,0,0,0,1,620,0,0,2,0,2,0,0,0,0,2,0,0,0,21,0,0,0,4,0,0,0,0,0,0,0,0,0,0,0,0,1,0,0,0,0,0,1,0,0,2,0,0,0,27,1,0,33,0,1,0,0,0,1,0,1583,0,0,60,0,0,0,0,89,0,2764.87,0,10,0,0,1,0,0,1,0,0,0,0,0,0,1,0,0,7,0,3,0,0,0,0,0,0,61,0,35,14,479.94,0,0,0,0,0,0,0,47,0,0,732,7,0,6,0,0,0,0,12,0,11,28,11,6,36,0,0,4,0,0,2,0,0,0,58,92.04,0,327.1,6,583.4,0
139,2014,North,Reading Rock,Reference,Reference,4,0,0,4,5,0,0,0,0,0,0,0,0,0,1387,0,0,0,0,5,0,0,39,3,0,0,0,0,0,0,0,0,0,26,61,0,0,0,0,3,0,0,0,0,0,0,2,0,8,0,0,0,0,0,0,0,0,13,5,0,1,0,0,0,0,0,0,0,0,0,0,12,0,0,797,0,0,1,0,37,0,0,0,0,7,2,8334.4,7,0,0,0,0,0,7,0,0,8,0,1,1,0,0,1,0,0,3,0,0,0,0,0,0,0,0,4,0,0,0,0,0,0,0,0,243,0,0,0,0,8,4,0,0,0,0,0,0,0,43,0,27,1,0,0,0,0,0,0,0,0,0,437,0,0,0,0,217.6,0
140,2014,North,Reading Rock,SMR,MPA,26.5,0,0,0,0,0,0,0,0,0,0,0,0,0,749,0,0,0,0,3,0,0,26,1,0,0,0,0,0,0,0,0,0,33,20,0,0,0,0,5,0,0,0,0,0,0,0,0,5,0,0,0,0,0,0,0,0,14,3,0,1,0,0,0,0,0,0,0,0,0,0,12,0,0,252,1,0,0,0,12,0,0,0,0,0,0,866,6,0,0,0,0,0,2,0,0,15,0,1,0,0,0,0,0,4,1,0,0,1,0,0,0,0,0,0,0,0,0,0,0,0,0,0,110,0,0,0,0,22,1,0,0,0,0,0,1,0,9,0,8,0,0,0,0,0,0,0,0,0,0,0,0,0,0,0,247.7,0
141,2015,North,Reading Rock,Reference,Reference,167.4,0,0,0,0,0,0,0,0,0,0,0,0,0,1136,0,0,0,0,1,0,0,6,0,0,0,0,0,0,0,0,0,0,1,42,0,0,0,0,17,0,0,0,0,0,0,0,0,6,0,0,0,0,0,0,0,0,2,1,0,3,0,0,0,0,0,0,0,0,0,0,0,0,0,336,0,0,0,0,14,0,0,0,0,15,0,5673.6,2,0,0,0,0,0,2,0,0,2,0,0,0,2,0,1,0,15,0,0,0,0,0,0,0,0,0,0,0,0,0,0,0,0,0,0,215,0,0,0,50,16,4,0,0,0,0,0,1,0,35,0,39,0,0,0,1,0,0,0,0,0,0,259.9,0,0,0,0,189.6,0
142,2015,North,Reading Rock,SMR,MPA,70.5,0,0,0,0,0,0,0,0,0,0,0,0,0,1430,0,0,0,0,0,0,0,5,0,0,0,0,0,0,1,0,0,0,1,17,0,0,0,0,36,0,0,0,0,0,0,0,0,11,0,0,0,0,1,0,0,0,2,18,0,3,0,0,0,0,0,0,0,0,0,0,1,0,0,114,0,0,0,0,15,0,0,0,0,0,0,1076,0,0,0,0,0,0,1,0,0,1,0,0,0,2,0,0,0,13,0,0,0,0,0,0,0,0,1,146.1,0,0,0,0,2,0,0,0,169,0,0,0,3,17,2,0,0,0,0,1,21,0,31,0,16,0,0,0,0,0,0,0,0,0,0,71,0,0,0,0,797,1
143,2014,North,Sea Lion Gulch,Reference,Reference,0,0,126,18,0,0,0,0,0,0,0,421,0,0,520,0,0,1,0,29,0,0,8,2,0,0,0,0,0,32,0,0,0,26,98,0,0,0,1,3,0,2,0,0,0,0,184,0,89,0,0,0,0,0,0,0,0,88,0,1,0,0,0,3,0,0,0,0,0,0,0,8,0,0,107,2403.4,0,0,0,3,0,0,4,0,1359,9,5,0,0,0,0,0,0,7,0,0,2,0,0,0,0,0,2,3,4,0,0,0,0,0,0,0,0,0,0,510.4,0,0,0,0,0,0,0,173,0,10,0,84,18,1,14,0,0,2,1,0,0,25,0,13,0,0,0,0,0,0,0,0,0,0,0,9,0,0,0,2200.4,11
144,2014,North,Sea Lion Gulch,SMR,MPA,0,0,395,0,0,0,0,0,0,0,0,984.3,0,0,477,0,0,0,0,14,0,0,2,2,0,0,0,0,0,0,0,0,0,2,38,0,0,69,0,8,0,6,0,0,0,0,0,0,5,0,0,0,0,0,0,0,0,24,0,0,0,0,0,3,0,0,0,0,0,0,0,1,0,1,231,3,0,3,0,6,0,0,0,0,462,0,0,0,0,0,0,0,0,27,0,0,0,0,0,3,0,0,3,0,2,0,0,0,0,0,0,12,0,0,0,3173.5,0,0,0,0,0,0,0,77,0,1,3,0,0,0,1,0,0,0,0,0,0,11,0,1,0,0,4,0,0,0,0,28,0,0,0,1,0,0,2,172,0
145,2015,North,Sea Lion Gulch,SMR,MPA,0,0,357,1,0,0,0,0,0,0,0,535.2,0,0,449,0,0,0,0,2,2,0,1,0,3,0,0,0,0,0,0,0,0,3,32,0,0,65,0,1,0,3,0,0,0,0,3,0,0,0,0,0,0,0,0,0,0,11,0,3,0,0,0,0,0,0,0,0,0,0,0,1,0,0,209,10,0,4,0,14,0,0,0,0,420,0,0,1,0,0,0,10,0,61.7,0,0,0,0,0,1,1,0,2,6,13,0,3,0,0,0,0,2,0,0,0,65,0,0,0,0,0,0,0,87,0,0,0,8,4,2,0,0,0,0,1,0,0,34,0,2,5,0,0,0,0,0,0,7,0,0,0,2,0,0,0,476,0
146,2014,South,South La Jolla,Reference,Reference,0,0,0,106,0,0,0,0,0,2,4,0,0,0,441,0,0,0,0,0,0,0,0,0,0,0,0,1,0,2,0,1,0,0,0,0,0,0,0,0,1,0,0,0,0,166,59.8,0,0,0,0,1,0,0,0,0,8117.6,180.2,0,0,0,0,0,9,0,0,0,0,1089,0,0,0,583,0,64,0,0,4,0,0,0,0,346,0,0,0,0,0,0,0,0,0,4,0,0,0,0,0,0,0,0,0,0,0,0,0,0,0,0,0,0,135,0,0,0,153,0,0,0,0,15,10,0,51,0,0,0,20,8,0,2,0,72,0,0,0,0,4,0,0,23,0,25,10,0,0,0,0,23,1,0,65,0,25423.1,0,0,0
147,2014,South,South La Jolla,SMR/SMCA,MPA,0,0,0,147,0,0,0,0,0,0,1,0,2,0,68,0,0,0,0,0,0,1,0,0,0,0,0,0,0,0,0,1,0,0,0,0,0,0,0,0,0,0,0,0,0,16,3,0,0,0,0,1,0,0,0,0,2464.8,33,0,1,0,0,0,43,0,0,0,0,268,0,0,1,382,0,31,0,0,10,0,0,0,0,108,0,0,0,0,0,0,0,0,0,2,0,0,0,0,0,0,0,0,0,0,0,0,0,0,0,0,0,0,3,0,0,0,46,24,0,0,0,2,25,0,19,0,0,0,7,8,1,0,0,0,0,0,0,0,2,0,0,0,0,0,18,0,0,0,0,10,0,0,14,0,17296.7,0,0,0
148,2005,South,South Point,Reference,Reference,0,0,0,1181,222.1,0,0,0,0,0,0,0,0,0,77,0,0,0,0,1,0,0,0,0,0,0,0,134,0,0,0,0,0,0,1,0,0,0,0,0,0,0,0,26,0,0,22,0,8,0,0,0,0,0,0,0,2,151,0,1,0,0,0,0,0,9,0,0,32,0,0,2,126,0,1093,158,0,5,0,26,0,0,73,0,0,0,13,0,0,0,0,0,0,0,0,0,0,0,27,0,0,0,0,0,2,0,0,0,0,0,0,0,0,258.3,0,124.2,0,0,0,0,0,0,0,37,0,0,0,74,153,0,0,0,0,0,0,0,0,13,0,0,0,0,0,0,0,0,0,0,0,0,0,255.5,0,0,0,0,0
149,2005,South,South Point,SMR,MPA,0,0,0,4928.9,176,0,0,0,0,0,0,0,0,0,201,0,0,0,0,16,0,0,0,0,0,0,0,30,0,0,0,0,0,0,1,0,0,0,0,0,0,0,2,77,0,0,4,0,8,0,0,0,0,0,0,0,0,185,0,2,0,0,0,0,0,11,0,0,4,0,0,2,90,1,281.5,11,0,100,0,59,0,0,134,0,0,0,0,0,0,0,0,0,0,0,0,1,0,0,296,0,0,0,0,0,3,0,0,0,0,0,0,0,0,2377.9,0,174.2,0,0,0,0,0,0,0,69,0,0,0,107,273,0,0,0,0,0,1,0,0,31,0,15,0,0,0,1,0,0,0,0,0,0,0,0,0,0,0,0,0
150,2006,South,South Point,Reference,Reference,0,0,0,1284.2,185,0,0,0,0,0,0,7,0,0,164,0,0,0,0,0,0,0,0,0,0,0,0,207,0,0,0,0,0,0,1,0,0,0,0,0,0,0,0,31,0,0,51,0,10,0,0,0,0,0,0,0,0,48,0,1,0,0,0,1,0,9,0,0,32,0,0,3,155,0,488,155,0,11,0,39,0,0,54,0,0,1,9,0,0,0,0,0,0,0,0,1,0,0,67,0,0,0,0,0,1,0,0,0,0,0,0,0,0,88,0,212,0,0,0,0,0,0,0,32,0,0,0,93,343.1,0,0,0,0,0,0,0,0,10,0,0,0,0,0,0,0,0,0,0,0,1,0,66,0,0,0,0,0
151,2006,South,South Point,SMR,MPA,0,0,0,2757,29,0,0,0,0,0,0,0,0,0,105,0,0,0,0,1,0,0,0,0,1,0,0,32,0,0,0,0,0,0,0,0,0,0,0,0,0,0,0,67,0,0,6,0,6,0,0,0,0,0,0,0,0,27,0,2,0,0,0,54,0,10,0,0,16,0,0,4,68,0,162,6,0,9,0,34,0,0,29,0,0,0,0,0,0,0,0,0,0,0,0,0,0,0,128,0,0,0,0,0,0,0,0,0,0,0,0,0,0,314,0,661.7,0,1,0,0,0,0,0,39,0,0,2,136,150,0,0,0,0,0,0,0,0,13,0,0,0,0,0,0,0,0,0,0,0,0,0,2159.5,0,0,0,6,0
152,2007,South,South Point,Reference,Reference,0,0,0,891,6,0,0,0,0,0,0,5,0,0,79,0,0,0,0,0,0,0,0,0,0,0,0,96,0,0,0,0,0,0,1,0,0,0,0,0,0,0,0,16,0,0,24,0,3,0,0,0,0,0,0,0,0,51,0,0,0,0,0,0,0,4,0,0,12,0,0,0,114,0,541.8,3,0,5,0,16,0,0,59,0,0,2,0,0,0,0,0,0,0,0,0,0,0,0,20,0,0,0,0,0,1,0,0,0,0,0,0,0,0,54,0,11,0,0,0,0,0,0,0,17,0,4,111.7,51,173.7,0,0,0,0,0,0,0,0,2,0,0,0,0,0,0,0,0,0,0,0,0,0,4,0,0,0,0,0
153,2007,South,South Point,SMR,MPA,0,0,0,3383,17,0,0,0,0,0,0,0,0,0,339,0,0,0,0,1,0,0,0,0,0,0,0,32,0,0,0,0,0,0,0,0,0,0,0,0,0,0,0,56,0,0,7,0,1,0,0,0,0,0,0,0,1,222,0,1,0,0,0,5,0,12,0,0,13,0,0,1,35,0,205,3,0,12,0,19,0,0,60,1,0,2,0,0,0,0,0,0,0,0,0,0,0,0,103,1,0,0,0,0,0,0,0,0,0,0,0,0,0,193,0,255.7,0,0,0,0,0,1,0,23,0,2,84,232,359,0,0,0,0,0,0,0,0,6,0,0,0,0,0,0,0,0,0,0,0,0,0,674,0,0,0,0,1
154,2008,South,South Point,Reference,Reference,0,0,0,345,1,0,0,0,0,0,0,0,0,0,92,0,0,0,0,0,0,0,0,0,0,0,0,77,0,0,0,0,0,0,0,0,0,0,0,0,0,0,0,22,0,0,10,0,2,0,0,0,0,0,0,0,0,192,0,3,0,0,0,0,0,4,0,0,12,0,0,0,105,0,477,10,0,2,0,19,0,0,70,0,0,0,0,0,0,0,0,0,0,0,0,0,0,0,21,0,0,0,0,0,0,0,0,0,0,0,0,0,0,288.3,0,68,0,0,0,0,0,0,0,14,0,272.1,189,1,418.2,0,0,0,0,0,0,0,0,7,0,1,0,0,0,0,0,0,0,0,0,0,0,88.4,0,0,0,0,0
155,2008,South,South Point,SMR,MPA,0,0,0,2150,6,0,0,0,0,0,0,0,0,0,325,0,0,0,0,1,0,0,0,0,0,0,0,52,0,0,0,0,0,0,0,0,0,0,0,0,0,0,1,31,0,0,5,0,2,0,0,0,0,0,0,0,0,460.1,0,1,0,0,0,39,0,3,0,0,2,0,0,0,81,0,116,8,0,1,0,44,0,0,460.5,0,0,0,0,0,0,0,0,0,0,0,0,0,0,0,93,2,0,0,0,0,1,0,0,0,0,0,0,0,0,591.8,0,319.2,0,0,0,0,0,0,0,13,0,223.8,415,26,681,0,0,0,0,0,0,0,0,6,0,1,0,0,0,0,0,0,0,0,0,0,0,3701,0,0,0,0,1
156,2009,South,South Point,Reference,Reference,0,0,0,622.7,6,0,0,0,0,0,0,0,0,0,113,0,0,0,0,1,0,0,0,0,0,0,0,94,0,0,0,0,0,1,0,0,0,0,0,0,0,0,0,13,0,0,13,0,0,0,0,0,0,0,0,0,0,141,0,0,0,0,0,0,0,6,0,0,51,0,0,0,108,0,219,2,0,5,0,17,0,0,53,0,0,1,0,0,0,0,0,0,0,0,0,1,0,0,17,0,0,0,0,0,1,0,0,0,0,0,0,0,0,300.3,0,67,0,0,0,0,0,0,0,18,0,258,118,6,241.2,0,0,0,0,0,0,0,0,2,0,0,0,0,0,0,0,0,0,0,0,0,0,66,0,0,0,0,0
157,2009,South,South Point,SMR,MPA,0,0,0,4453,2,0,0,0,0,0,0,0,0,0,610,0,0,0,0,8,0,0,0,0,0,0,0,58,0,0,0,0,0,0,6,0,0,0,0,0,0,0,0,12,0,0,32,0,11,0,0,0,0,0,0,0,0,219,1,3,0,0,0,10,0,12,0,0,15,0,0,0,94,0,415,2,0,18,0,69,0,0,188,0,0,0,0,0,0,0,0,0,0,0,0,0,0,0,104,0,0,0,0,0,0,0,0,0,0,0,0,2,0,1475.8,0,1397.1,0,0,0,0,0,0,0,49,0,7,300,77,447,0,0,0,0,0,1,0,0,3,0,122.2,0,0,0,0,0,0,0,0,0,0,0,3748.8,0,76,0,0,0
158,2014,South,South Point,Reference,Reference,0,0,0,723,5,0,0,0,1,2,0,68,0,0,223,0,0,0,0,3,0,0,0,0,0,0,0,47,0,0,0,0,0,1,8,0,0,0,0,0,0,0,0,0,0,0,41,0,6,0,0,0,0,0,0,0,1,363,0,4,0,0,0,1,0,0,0,0,68,0,0,0,123,0,540,28,0,0,0,58,0,0,366,0,0,0,102,0,0,0,0,0,0,0,0,1,0,0,0,0,0,0,0,0,1,0,0,0,0,0,0,2,0,29,0,61,0,0,0,0,0,1,0,51,0,0,0,5,362,0,0,0,0,0,0,1,0,7,0,0,0,0,4,0,0,0,0,0,0,1,0,595,0,0,0,0,0
159,2014,South,South Point,SMR,MPA,1,0,0,3691.2,9,0,0,0,0,0,0,1,0,0,488,0,0,0,0,7,0,0,1,0,0,0,0,3,0,0,0,0,0,0,4,0,0,0,0,0,0,0,4,0,0,0,55,0,11,0,0,0,0,0,0,0,0,580,0,5,0,0,0,233,0,0,1,0,19,0,0,0,67,0,66,3,0,2,0,69,0,0,142,0,0,0,5,0,0,0,0,0,0,0,0,2,0,0,0,0,0,0,0,0,2,0,0,0,0,0,0,6,0,435.1,0,444,0,1,0,0,0,0,0,46,0,0,0,7,290,3,0,0,0,0,0,0,0,5,0,0,0,0,0,1,0,0,0,1,0,0,0,2342.4,0,0,0,1,1
160,2015,South,South Point,Reference,Reference,0,0,0,919,53,0,0,0,0,0,0,22,0,0,397,0,0,0,0,3,0,0,1,0,0,0,0,138,0,0,0,0,0,0,1,0,0,0,0,0,0,0,0,0,0,0,57,0,3,0,0,0,0,0,0,0,0,282,1,0,0,0,0,0,0,0,0,0,73,2,2,0,191,0,727,94,0,10,0,63,0,0,256,0,0,0,157,0,0,0,0,0,0,0,0,10,0,0,0,0,0,0,0,0,0,0,0,0,0,0,0,20,0,6,0,92,0,0,0,1,0,0,0,70,0,0,0,28,481,1,0,0,0,0,1,0,0,15,0,0,0,0,4,1,0,0,0,0,0,1,0,116,0,0,0,0,0
161,2015,South,South Point,SMR,MPA,0,0,0,2644,45,0,0,0,0,0,0,4,1,0,812,0,0,0,0,1,0,0,1,0,0,0,0,106,0,1,0,0,0,0,3,0,0,0,0,0,0,0,6,1,0,0,105,0,12,0,0,0,0,0,0,0,0,886,5,1,0,0,0,69.9,0,0,0,0,29,4,0,0,94,0,154,87,0,7,0,108,0,0,155,0,0,0,4,0,0,0,0,0,0,0,0,0,0,0,0,0,0,0,0,0,1,0,0,0,0,0,0,1,0,81,0,150,0,1,0,1,0,0,0,74,0,0,0,26,721,0,0,0,0,0,0,0,0,26,0,531.9,0,0,1,0,0,0,0,0,0,1,0,955.1,0,387.3,0,1,0
162,2014,South,Swami's,Reference,Reference,0,0,0,46,0,0,0,0,1,0,0,0,0,0,450,0,0,0,0,0,0,39.9,0,0,0,0,0,0,0,1,0,0,0,0,0,0,0,0,0,0,0,0,0,0,0,7,1,0,0,0,0,0,0,0,0,0,2293.1,2,0,0,0,0,0,63,0,0,0,0,744,0,0,1,320,0,8,0,0,42,0,0,0,0,369.2,0,0,0,0,0,0,0,0,0,3,0,0,0,0,0,1,0,0,0,0,0,0,0,0,0,0,0,0,7,0,0,0,26,0,0,0,0,542,153,1,75,0,0,0,18,2,0,2,0,25,0,0,0,0,1,0,4,4,0,2,15,0,0,0,0,11,0,0,79,0,42661.8,0,0,0
163,2014,South,Swami's,SMCA,MPA,0,0,0,3,0,0,0,0,0,0,0,0,0,0,165,0,0,0,0,0,0,0,0,0,0,0,0,0,0,1,0,0,0,0,0,0,0,0,0,0,0,0,0,0,0,21,0,0,0,0,0,0,0,0,0,0,1764,0,0,0,0,0,0,5,0,0,0,0,136,0,0,1,123,0,1,0,0,10,0,0,0,0,73,0,0,0,0,0,0,0,0,0,2,0,0,0,0,0,0,0,0,0,0,0,0,0,0,0,0,0,0,1,0,5,0,59,48,0,0,0,0,67,0,14,0,0,0,10,7,0,1,0,2,0,0,0,0,0,0,0,0,0,2,8,0,0,0,0,21,0,0,56,0,1672.8,0,0,0
164,2014,South,Swami's,SMCA/Outside,MPA/Outside,0,0,0,0,0,0,0,0,0,0,0,0,0,0,122,0,0,0,0,0,0,0,0,0,0,0,0,0,0,0,0,0,0,0,0,0,0,0,0,0,0,0,0,0,0,9,0,0,0,0,0,0,0,0,0,0,1564,0,0,1,0,0,0,18,0,0,0,0,548,0,0,2,14,0,11,0,0,23,0,0,0,0,93,0,0,0,0,0,0,0,0,0,7,0,0,0,0,0,0,0,0,0,0,0,0,0,0,0,0,0,0,4,0,0,0,8,0,0,0,0,23,9,1,42,0,0,0,3,1,0,0,0,10,0,0,0,0,3,0,2,28,0,0,30,0,0,0,0,0,0,0,2,0,41145.4,0,0,0
165,2014,North,Ten Mile,Reference,Reference,0,0,1,0,0,0,0,0,0,0,0,0,0,0,1530,0,0,0,0,3,0,0,2,0,0,0,0,0,0,4,0,0,0,1,32,0,0,0,0,3,0,0,0,0,0,0,0,0,32,0,0,0,0,0,0,0,0,24,8,0,2,0,0,0,0,0,0,0,0,0,0,8,0,0,490,0,0,2,0,30,0,0,0,0,98,0,1029,0,0,0,0,0,0,4,0,0,1,0,1,0,0,0,0,0,0,2,0,0,0,0,0,0,0,0,0,185,0,0,0,0,0,0,0,82,0,0,0,6,5,0,0,0,0,0,0,0,0,7,0,2,0,0,0,0,0,0,0,0,0,0,23,0,0,0,0,464.9,0
166,2014,North,Ten Mile,SMR,MPA,1,0,1,0,0,0,0,0,0,0,0,0,4,0,1365,0,0,0,0,0,0,0,1,0,0,0,0,0,0,25,0,0,0,4,13,0,0,0,0,1,0,0,1,0,0,0,0,0,36,0,0,0,0,0,0,0,0,85,9,1,0,0,0,14,0,0,0,0,0,0,0,2,0,0,152,0,0,2,0,23,0,0,2,0,212,1,617.1,0,0,0,0,0,0,2,0,0,0,0,0,0,0,0,2,0,2,5,0,0,0,0,0,0,0,0,0,4,0,0,0,0,0,0,0,30,0,0,0,0,3,4,0,0,0,0,0,0,0,2,0,18,0,0,0,0,0,0,0,0,0,0,10,1,0,0,0,1245,0
167,2015,North,Ten Mile,Reference,Reference,5,0,0,0,0,0,0,0,0,0,0,0,0,0,1076,0,0,0,0,0,0,0,0,0,0,0,0,0,0,0,0,0,0,0,46,0,0,0,0,0,0,0,0,0,0,0,0,0,31,0,0,0,0,0,0,0,0,19,0,1,0,0,0,0,0,0,1,0,0,0,0,0,0,0,227,0,0,0,0,64,0,0,0,0,29,0,0,0,0,0,0,0,0,0,0,0,0,0,0,0,0,0,0,0,2,0,0,0,0,0,0,0,0,0,0,4,0,0,0,0,0,0,0,60,0,0,0,0,3,0,0,0,0,0,0,0,0,8,0,0,0,0,0,0,0,0,0,0,0,0,0,1,0,0,0,384.8,0
168,2015,North,Ten Mile,SMR,MPA,0,0,0,0,0,0,0,0,0,0,0,0,1,0,1028,0,0,0,0,0,0,0,0,0,0,0,0,0,0,6,0,0,0,0,16,0,0,0,0,0,0,0,0,0,0,0,0,0,28,0,0,0,0,0,0,0,0,38,0,1,0,0,0,0,3,1,14,3,0,0,0,1,0,1,67,0,0,51,0,39,0,0,17,0,96,0,0,0,0,0,0,0,0,0,0,0,0,0,0,0,0,0,2,0,4,0,1,0,0,0,0,0,0,0,0,0,0,0,0,0,0,0,0,26,0,0,0,1,1,1,0,0,0,0,3,0,0,3,0,0,0,0,0,0,0,0,0,0,0,0,0,37,0,0,0,1094.7,0
